"Time","POB","VPB","Core Load Switches","Payload Load Switches","Motor","Solar"
2026-03-06 06:50:00,-651 mWh,0 Wh,-5.80 Wh,-932 mWh,0 Wh,2.14 Wh
2026-03-06 07:00:00,-1.33 Wh,0 Wh,-11.5 Wh,-1.85 Wh,0 Wh,4.25 Wh
2026-03-06 07:10:00,-2.02 Wh,0 Wh,-17.1 Wh,-2.77 Wh,0 Wh,6.34 Wh
2026-03-06 07:20:00,-2.70 Wh,0 Wh,-22.7 Wh,-3.69 Wh,0 Wh,8.44 Wh
2026-03-06 07:30:00,-3.38 Wh,0 Wh,-28.4 Wh,-4.61 Wh,0 Wh,10.5 Wh
2026-03-06 07:40:00,-3.38 Wh,0 Wh,-28.4 Wh,-4.61 Wh,0 Wh,10.5 Wh
2026-03-06 07:50:00,-4.05 Wh,0 Wh,-28.4 Wh,-5.53 Wh,0 Wh,12.6 Wh
2026-03-06 08:00:00,-4.77 Wh,0 Wh,-33.9 Wh,-6.46 Wh,0 Wh,14.7 Wh
2026-03-06 08:10:00,-5.46 Wh,0 Wh,-39.5 Wh,-7.38 Wh,0 Wh,16.8 Wh
2026-03-06 08:20:00,-6.15 Wh,0 Wh,-45.2 Wh,-8.30 Wh,0 Wh,18.9 Wh
2026-03-06 08:30:00,-6.84 Wh,0 Wh,-50.8 Wh,-9.22 Wh,0 Wh,21.0 Wh
2026-03-06 08:40:00,-7.53 Wh,0 Wh,-56.4 Wh,-10.1 Wh,0 Wh,23.1 Wh
2026-03-06 08:50:00,-8.21 Wh,0 Wh,-62.1 Wh,-11.1 Wh,0 Wh,25.2 Wh
2026-03-06 09:00:00,-8.91 Wh,0 Wh,-67.7 Wh,-12.0 Wh,0 Wh,27.3 Wh
2026-03-06 09:10:00,-9.60 Wh,0 Wh,-73.4 Wh,-12.9 Wh,0 Wh,29.4 Wh
2026-03-06 09:20:00,-10.3 Wh,0 Wh,-79.0 Wh,-13.8 Wh,0 Wh,31.5 Wh
2026-03-06 09:30:00,-11.0 Wh,0 Wh,-84.6 Wh,-14.8 Wh,0 Wh,33.6 Wh
2026-03-06 09:40:00,-11.7 Wh,0 Wh,-90.3 Wh,-15.7 Wh,0 Wh,35.7 Wh
2026-03-06 09:50:00,-12.3 Wh,0 Wh,-95.9 Wh,-16.6 Wh,0 Wh,37.8 Wh
2026-03-06 10:00:00,-13.0 Wh,0 Wh,-102 Wh,-17.6 Wh,0 Wh,39.9 Wh
2026-03-06 10:10:00,-13.7 Wh,0 Wh,-107 Wh,-18.5 Wh,0 Wh,42.0 Wh
2026-03-06 10:20:00,-14.4 Wh,0 Wh,-113 Wh,-19.4 Wh,0 Wh,44.0 Wh
2026-03-06 10:30:00,-15.1 Wh,0 Wh,-117 Wh,-20.2 Wh,0 Wh,46.0 Wh
2026-03-06 10:40:00,-15.8 Wh,0 Wh,-117 Wh,-21.1 Wh,0 Wh,47.9 Wh
2026-03-06 10:50:00,-16.5 Wh,0 Wh,-117 Wh,-22.0 Wh,0 Wh,49.9 Wh
2026-03-06 11:00:00,-17.1 Wh,0 Wh,-123 Wh,-22.9 Wh,0 Wh,52.0 Wh
2026-03-06 11:10:00,-17.8 Wh,0 Wh,-130 Wh,-23.7 Wh,0 Wh,54.4 Wh
2026-03-06 11:20:00,-18.6 Wh,0 Wh,-136 Wh,-24.6 Wh,-6.14 Wh,59.7 Wh
2026-03-06 11:30:00,-19.7 Wh,0 Wh,-143 Wh,-25.5 Wh,-27.7 Wh,69.3 Wh
2026-03-06 11:40:00,-20.8 Wh,0 Wh,-150 Wh,-26.4 Wh,-51.7 Wh,81.7 Wh
2026-03-06 11:50:00,-21.9 Wh,0 Wh,-156 Wh,-27.3 Wh,-77.0 Wh,96.5 Wh
2026-03-06 12:00:00,-23.1 Wh,0 Wh,-162 Wh,-28.2 Wh,-103 Wh,114 Wh
2026-03-06 12:10:00,-24.2 Wh,0 Wh,-167 Wh,-29.0 Wh,-130 Wh,135 Wh
2026-03-06 12:20:00,-25.3 Wh,0 Wh,-172 Wh,-29.7 Wh,-156 Wh,159 Wh
2026-03-06 12:30:00,-26.5 Wh,0 Wh,-176 Wh,-30.4 Wh,-179 Wh,182 Wh
2026-03-06 12:40:00,-27.7 Wh,0 Wh,-181 Wh,-31.2 Wh,-213 Wh,211 Wh
2026-03-06 12:50:00,-28.8 Wh,0 Wh,-185 Wh,-31.9 Wh,-250 Wh,243 Wh
2026-03-06 13:00:00,-30.0 Wh,0 Wh,-190 Wh,-32.6 Wh,-288 Wh,275 Wh
2026-03-06 13:10:00,-31.3 Wh,0 Wh,-194 Wh,-33.3 Wh,-326 Wh,307 Wh
2026-03-06 13:20:00,-32.4 Wh,0 Wh,-199 Wh,-34.1 Wh,-359 Wh,340 Wh
2026-03-06 13:30:00,-33.6 Wh,0 Wh,-203 Wh,-34.8 Wh,-392 Wh,373 Wh
2026-03-06 13:40:00,-34.9 Wh,0 Wh,-208 Wh,-35.5 Wh,-425 Wh,407 Wh
2026-03-06 13:50:00,-36.0 Wh,0 Wh,-212 Wh,-36.2 Wh,-458 Wh,440 Wh
2026-03-06 14:00:00,-37.2 Wh,0 Wh,-217 Wh,-37.0 Wh,-491 Wh,473 Wh
2026-03-06 14:10:00,-38.3 Wh,0 Wh,-222 Wh,-37.7 Wh,-523 Wh,504 Wh
2026-03-06 14:20:00,-39.4 Wh,0 Wh,-226 Wh,-38.4 Wh,-554 Wh,534 Wh
2026-03-06 14:30:00,-40.5 Wh,0 Wh,-231 Wh,-39.1 Wh,-583 Wh,564 Wh
2026-03-06 14:40:00,-41.7 Wh,0 Wh,-235 Wh,-39.8 Wh,-610 Wh,592 Wh
2026-03-06 14:50:00,-42.8 Wh,0 Wh,-240 Wh,-40.6 Wh,-634 Wh,619 Wh
2026-03-06 15:00:00,-44.0 Wh,0 Wh,-244 Wh,-41.3 Wh,-659 Wh,645 Wh
2026-03-06 15:10:00,-45.2 Wh,0 Wh,-249 Wh,-42.0 Wh,-683 Wh,670 Wh
2026-03-06 15:20:00,-46.3 Wh,0 Wh,-253 Wh,-42.7 Wh,-709 Wh,694 Wh
2026-03-06 15:30:00,-47.4 Wh,0 Wh,-258 Wh,-43.5 Wh,-738 Wh,715 Wh
2026-03-06 15:40:00,-48.6 Wh,0 Wh,-262 Wh,-44.2 Wh,-766 Wh,735 Wh
2026-03-06 15:50:00,-49.7 Wh,0 Wh,-267 Wh,-44.9 Wh,-791 Wh,754 Wh
2026-03-06 16:00:00,-50.8 Wh,0 Wh,-271 Wh,-45.6 Wh,-816 Wh,771 Wh
2026-03-06 16:10:00,-52.0 Wh,0 Wh,-276 Wh,-46.4 Wh,-840 Wh,787 Wh
2026-03-06 16:20:00,-53.1 Wh,0 Wh,-280 Wh,-47.1 Wh,-865 Wh,801 Wh
2026-03-06 16:30:00,-54.2 Wh,0 Wh,-285 Wh,-47.8 Wh,-890 Wh,813 Wh
2026-03-06 16:40:00,-55.3 Wh,0 Wh,-289 Wh,-48.5 Wh,-915 Wh,824 Wh
2026-03-06 16:50:00,-56.5 Wh,0 Wh,-294 Wh,-49.2 Wh,-939 Wh,833 Wh
2026-03-06 17:00:00,-57.6 Wh,0 Wh,-298 Wh,-49.9 Wh,-964 Wh,841 Wh
2026-03-06 17:10:00,-58.7 Wh,0 Wh,-303 Wh,-50.7 Wh,-988 Wh,847 Wh
2026-03-06 17:20:00,-59.8 Wh,0 Wh,-308 Wh,-51.4 Wh,-1.01 kWh,852 Wh
2026-03-06 17:30:00,-60.9 Wh,0 Wh,-312 Wh,-52.1 Wh,-1.04 kWh,857 Wh
2026-03-06 17:40:00,-62.0 Wh,0 Wh,-317 Wh,-52.8 Wh,-1.06 kWh,860 Wh
2026-03-06 17:50:00,-63.2 Wh,0 Wh,-321 Wh,-53.5 Wh,-1.09 kWh,863 Wh
2026-03-06 18:00:00,-64.4 Wh,0 Wh,-326 Wh,-54.3 Wh,-1.11 kWh,865 Wh
2026-03-06 18:10:00,-65.5 Wh,0 Wh,-330 Wh,-55.0 Wh,-1.14 kWh,867 Wh
2026-03-06 18:20:00,-66.6 Wh,0 Wh,-335 Wh,-55.7 Wh,-1.15 kWh,869 Wh
2026-03-06 18:30:00,-67.9 Wh,0 Wh,-339 Wh,-56.4 Wh,-1.17 kWh,871 Wh
2026-03-06 18:40:00,-69.1 Wh,0 Wh,-344 Wh,-57.1 Wh,-1.19 kWh,873 Wh
2026-03-06 18:50:00,-70.2 Wh,0 Wh,-349 Wh,-57.8 Wh,-1.21 kWh,875 Wh
2026-03-06 19:00:00,-71.3 Wh,0 Wh,-354 Wh,-58.6 Wh,-1.23 kWh,877 Wh
2026-03-06 19:10:00,-72.5 Wh,0 Wh,-358 Wh,-59.3 Wh,-1.25 kWh,879 Wh
2026-03-06 19:20:00,-73.6 Wh,0 Wh,-363 Wh,-60.0 Wh,-1.28 kWh,881 Wh
2026-03-06 19:30:00,-74.8 Wh,0 Wh,-368 Wh,-60.7 Wh,-1.30 kWh,883 Wh
2026-03-06 19:40:00,-75.9 Wh,0 Wh,-373 Wh,-61.4 Wh,-1.32 kWh,885 Wh
2026-03-06 19:50:00,-77.2 Wh,0 Wh,-377 Wh,-62.1 Wh,-1.35 kWh,887 Wh
2026-03-06 20:00:00,-78.4 Wh,0 Wh,-382 Wh,-62.8 Wh,-1.37 kWh,889 Wh
2026-03-06 20:10:00,-79.5 Wh,0 Wh,-387 Wh,-63.6 Wh,-1.37 kWh,891 Wh
2026-03-06 20:20:00,-80.5 Wh,0 Wh,-392 Wh,-64.3 Wh,-1.38 kWh,893 Wh
2026-03-06 20:30:00,-81.7 Wh,0 Wh,-397 Wh,-65.0 Wh,-1.38 kWh,895 Wh
2026-03-06 20:40:00,-82.8 Wh,0 Wh,-401 Wh,-65.7 Wh,-1.39 kWh,897 Wh
2026-03-06 20:50:00,-84.0 Wh,0 Wh,-406 Wh,-66.4 Wh,-1.39 kWh,899 Wh
2026-03-06 21:00:00,-85.0 Wh,0 Wh,-410 Wh,-67.1 Wh,-1.40 kWh,901 Wh
2026-03-06 21:10:00,-86.1 Wh,0 Wh,-415 Wh,-67.8 Wh,-1.40 kWh,903 Wh
2026-03-06 21:20:00,-87.2 Wh,0 Wh,-419 Wh,-68.5 Wh,-1.41 kWh,905 Wh
2026-03-06 21:30:00,-88.3 Wh,0 Wh,-424 Wh,-69.2 Wh,-1.41 kWh,907 Wh
2026-03-06 21:40:00,-89.4 Wh,0 Wh,-429 Wh,-69.9 Wh,-1.42 kWh,909 Wh
2026-03-06 21:50:00,-90.5 Wh,0 Wh,-433 Wh,-70.7 Wh,-1.42 kWh,911 Wh
2026-03-06 22:00:00,-91.6 Wh,0 Wh,-438 Wh,-71.4 Wh,-1.42 kWh,913 Wh
2026-03-06 22:10:00,-92.8 Wh,0 Wh,-442 Wh,-72.1 Wh,-1.42 kWh,915 Wh
2026-03-06 22:20:00,-93.8 Wh,0 Wh,-447 Wh,-72.8 Wh,-1.43 kWh,917 Wh
2026-03-06 22:30:00,-94.9 Wh,0 Wh,-451 Wh,-73.5 Wh,-1.43 kWh,919 Wh
2026-03-06 22:40:00,-96.0 Wh,0 Wh,-456 Wh,-74.2 Wh,-1.43 kWh,921 Wh
2026-03-06 22:50:00,-97.1 Wh,0 Wh,-461 Wh,-75.0 Wh,-1.43 kWh,923 Wh
2026-03-06 23:00:00,-97.8 Wh,0 Wh,-465 Wh,-75.7 Wh,-1.43 kWh,925 Wh
2026-03-06 23:10:00,-98.5 Wh,0 Wh,-470 Wh,-76.4 Wh,-1.43 kWh,927 Wh
2026-03-06 23:20:00,-99.2 Wh,0 Wh,-474 Wh,-77.1 Wh,-1.43 kWh,929 Wh
2026-03-06 23:30:00,-99.9 Wh,0 Wh,-479 Wh,-77.8 Wh,-1.43 kWh,931 Wh
2026-03-06 23:40:00,-101 Wh,0 Wh,-484 Wh,-78.5 Wh,-1.43 kWh,933 Wh
2026-03-06 23:50:00,-101 Wh,0 Wh,-488 Wh,-79.2 Wh,-1.43 kWh,935 Wh
2026-03-07 00:00:00,-102 Wh,0 Wh,-493 Wh,-79.9 Wh,-1.43 kWh,937 Wh
2026-03-07 00:10:00,-103 Wh,0 Wh,-497 Wh,-80.7 Wh,-1.43 kWh,939 Wh
2026-03-07 00:20:00,-103 Wh,0 Wh,-502 Wh,-81.4 Wh,-1.43 kWh,941 Wh
2026-03-07 00:30:00,-104 Wh,0 Wh,-507 Wh,-82.1 Wh,-1.43 kWh,943 Wh
2026-03-07 00:40:00,-105 Wh,0 Wh,-511 Wh,-82.8 Wh,-1.43 kWh,945 Wh
2026-03-07 00:50:00,-106 Wh,0 Wh,-516 Wh,-83.5 Wh,-1.43 kWh,947 Wh
2026-03-07 01:00:00,-106 Wh,0 Wh,-520 Wh,-84.2 Wh,-1.43 kWh,949 Wh
2026-03-07 01:10:00,-107 Wh,0 Wh,-525 Wh,-84.9 Wh,-1.43 kWh,951 Wh
2026-03-07 01:20:00,-108 Wh,0 Wh,-529 Wh,-85.6 Wh,-1.43 kWh,953 Wh
2026-03-07 01:30:00,-108 Wh,0 Wh,-534 Wh,-86.3 Wh,-1.43 kWh,955 Wh
2026-03-07 01:40:00,-109 Wh,0 Wh,-539 Wh,-87.0 Wh,-1.43 kWh,957 Wh
2026-03-07 01:50:00,-110 Wh,0 Wh,-543 Wh,-87.7 Wh,-1.44 kWh,959 Wh
2026-03-07 02:00:00,-111 Wh,0 Wh,-548 Wh,-88.5 Wh,-1.44 kWh,961 Wh
2026-03-07 02:10:00,-112 Wh,0 Wh,-552 Wh,-89.2 Wh,-1.44 kWh,963 Wh
2026-03-07 02:20:00,-113 Wh,0 Wh,-557 Wh,-89.9 Wh,-1.44 kWh,965 Wh
2026-03-07 02:30:00,-113 Wh,0 Wh,-562 Wh,-90.6 Wh,-1.44 kWh,967 Wh
2026-03-07 02:40:00,-114 Wh,0 Wh,-566 Wh,-91.3 Wh,-1.44 kWh,969 Wh
2026-03-07 02:50:00,-115 Wh,0 Wh,-571 Wh,-92.0 Wh,-1.44 kWh,971 Wh
2026-03-07 03:00:00,-115 Wh,0 Wh,-576 Wh,-92.7 Wh,-1.44 kWh,973 Wh
2026-03-07 03:10:00,-116 Wh,0 Wh,-580 Wh,-93.4 Wh,-1.44 kWh,975 Wh
2026-03-07 03:20:00,-117 Wh,0 Wh,-585 Wh,-94.1 Wh,-1.44 kWh,977 Wh
2026-03-07 03:30:00,-118 Wh,0 Wh,-589 Wh,-94.9 Wh,-1.44 kWh,979 Wh
2026-03-07 03:40:00,-118 Wh,0 Wh,-594 Wh,-95.6 Wh,-1.44 kWh,980 Wh
2026-03-07 03:50:00,-119 Wh,0 Wh,-599 Wh,-96.3 Wh,-1.44 kWh,982 Wh
2026-03-07 04:00:00,-120 Wh,0 Wh,-604 Wh,-97.0 Wh,-1.44 kWh,984 Wh
2026-03-07 04:10:00,-121 Wh,0 Wh,-609 Wh,-97.7 Wh,-1.44 kWh,986 Wh
2026-03-07 04:20:00,-122 Wh,0 Wh,-614 Wh,-98.4 Wh,-1.45 kWh,988 Wh
2026-03-07 04:30:00,-123 Wh,0 Wh,-618 Wh,-99.1 Wh,-1.46 kWh,990 Wh
2026-03-07 04:40:00,-124 Wh,0 Wh,-623 Wh,-99.8 Wh,-1.46 kWh,992 Wh
2026-03-07 04:50:00,-124 Wh,0 Wh,-628 Wh,-101 Wh,-1.46 kWh,994 Wh
2026-03-07 05:00:00,-125 Wh,0 Wh,-633 Wh,-101 Wh,-1.46 kWh,996 Wh
2026-03-07 05:10:00,-126 Wh,0 Wh,-638 Wh,-102 Wh,-1.46 kWh,998 Wh
2026-03-07 05:20:00,-126 Wh,0 Wh,-643 Wh,-103 Wh,-1.46 kWh,1.00 kWh
2026-03-07 05:30:00,-128 Wh,0 Wh,-648 Wh,-103 Wh,-1.47 kWh,1.00 kWh
2026-03-07 05:40:00,-129 Wh,0 Wh,-653 Wh,-104 Wh,-1.47 kWh,1.00 kWh
2026-03-07 05:50:00,-129 Wh,0 Wh,-658 Wh,-105 Wh,-1.47 kWh,1.01 kWh
2026-03-07 06:00:00,-131 Wh,0 Wh,-663 Wh,-106 Wh,-1.47 kWh,1.01 kWh
2026-03-07 06:10:00,-132 Wh,0 Wh,-668 Wh,-106 Wh,-1.48 kWh,1.01 kWh
2026-03-07 06:20:00,-132 Wh,0 Wh,-673 Wh,-107 Wh,-1.48 kWh,1.01 kWh
2026-03-07 06:30:00,-134 Wh,0 Wh,-677 Wh,-108 Wh,-1.48 kWh,1.01 kWh
2026-03-07 06:40:00,-135 Wh,0 Wh,-682 Wh,-108 Wh,-1.49 kWh,1.02 kWh
2026-03-07 06:50:00,-135 Wh,0 Wh,-687 Wh,-109 Wh,-1.49 kWh,1.02 kWh
2026-03-07 07:00:00,-136 Wh,0 Wh,-692 Wh,-110 Wh,-1.49 kWh,1.02 kWh
2026-03-07 07:10:00,-137 Wh,0 Wh,-697 Wh,-110 Wh,-1.50 kWh,1.03 kWh
2026-03-07 07:20:00,-139 Wh,0 Wh,-702 Wh,-111 Wh,-1.51 kWh,1.03 kWh
2026-03-07 07:30:00,-140 Wh,0 Wh,-707 Wh,-112 Wh,-1.51 kWh,1.04 kWh
2026-03-07 07:40:00,-141 Wh,0 Wh,-712 Wh,-113 Wh,-1.52 kWh,1.04 kWh
2026-03-07 07:50:00,-142 Wh,0 Wh,-717 Wh,-113 Wh,-1.52 kWh,1.05 kWh
2026-03-07 08:00:00,-143 Wh,0 Wh,-722 Wh,-114 Wh,-1.53 kWh,1.06 kWh
2026-03-07 08:10:00,-144 Wh,0 Wh,-726 Wh,-115 Wh,-1.54 kWh,1.07 kWh
2026-03-07 08:20:00,-145 Wh,0 Wh,-731 Wh,-115 Wh,-1.55 kWh,1.08 kWh
2026-03-07 08:30:00,-146 Wh,0 Wh,-736 Wh,-116 Wh,-1.56 kWh,1.09 kWh
2026-03-07 08:40:00,-147 Wh,0 Wh,-740 Wh,-117 Wh,-1.56 kWh,1.10 kWh
2026-03-07 08:50:00,-148 Wh,0 Wh,-745 Wh,-118 Wh,-1.57 kWh,1.11 kWh
2026-03-07 09:00:00,-149 Wh,0 Wh,-750 Wh,-118 Wh,-1.58 kWh,1.13 kWh
2026-03-07 09:10:00,-151 Wh,0 Wh,-754 Wh,-119 Wh,-1.59 kWh,1.15 kWh
2026-03-07 09:20:00,-152 Wh,0 Wh,-759 Wh,-120 Wh,-1.60 kWh,1.16 kWh
2026-03-07 09:30:00,-153 Wh,0 Wh,-764 Wh,-121 Wh,-1.60 kWh,1.18 kWh
2026-03-07 09:40:00,-154 Wh,0 Wh,-768 Wh,-121 Wh,-1.61 kWh,1.20 kWh
2026-03-07 09:50:00,-155 Wh,0 Wh,-773 Wh,-122 Wh,-1.61 kWh,1.22 kWh
2026-03-07 10:00:00,-156 Wh,0 Wh,-778 Wh,-123 Wh,-1.62 kWh,1.24 kWh
2026-03-07 10:10:00,-157 Wh,0 Wh,-782 Wh,-123 Wh,-1.63 kWh,1.26 kWh
2026-03-07 10:20:00,-158 Wh,0 Wh,-787 Wh,-124 Wh,-1.63 kWh,1.28 kWh
2026-03-07 10:30:00,-159 Wh,0 Wh,-792 Wh,-125 Wh,-1.64 kWh,1.31 kWh
2026-03-07 10:40:00,-160 Wh,0 Wh,-796 Wh,-126 Wh,-1.64 kWh,1.33 kWh
2026-03-07 10:50:00,-161 Wh,0 Wh,-801 Wh,-126 Wh,-1.65 kWh,1.35 kWh
2026-03-07 11:00:00,-162 Wh,0 Wh,-806 Wh,-127 Wh,-1.65 kWh,1.38 kWh
2026-03-07 11:10:00,-163 Wh,0 Wh,-810 Wh,-128 Wh,-1.66 kWh,1.40 kWh
2026-03-07 11:20:00,-164 Wh,0 Wh,-815 Wh,-129 Wh,-1.67 kWh,1.43 kWh
2026-03-07 11:30:00,-165 Wh,0 Wh,-819 Wh,-129 Wh,-1.67 kWh,1.46 kWh
2026-03-07 11:40:00,-166 Wh,0 Wh,-824 Wh,-130 Wh,-1.67 kWh,1.49 kWh
2026-03-07 11:50:00,-168 Wh,0 Wh,-829 Wh,-131 Wh,-1.68 kWh,1.52 kWh
2026-03-07 12:00:00,-169 Wh,0 Wh,-833 Wh,-131 Wh,-1.68 kWh,1.55 kWh
2026-03-07 12:10:00,-170 Wh,0 Wh,-838 Wh,-132 Wh,-1.69 kWh,1.58 kWh
2026-03-07 12:20:00,-171 Wh,0 Wh,-843 Wh,-133 Wh,-1.69 kWh,1.61 kWh
2026-03-07 12:30:00,-172 Wh,0 Wh,-847 Wh,-134 Wh,-1.70 kWh,1.64 kWh
2026-03-07 12:40:00,-173 Wh,0 Wh,-852 Wh,-134 Wh,-1.70 kWh,1.67 kWh
2026-03-07 12:50:00,-174 Wh,0 Wh,-857 Wh,-135 Wh,-1.71 kWh,1.71 kWh
2026-03-07 13:00:00,-175 Wh,0 Wh,-861 Wh,-136 Wh,-1.72 kWh,1.74 kWh
2026-03-07 13:10:00,-176 Wh,0 Wh,-866 Wh,-137 Wh,-1.72 kWh,1.78 kWh
2026-03-07 13:20:00,-177 Wh,0 Wh,-871 Wh,-137 Wh,-1.73 kWh,1.81 kWh
2026-03-07 13:30:00,-178 Wh,0 Wh,-875 Wh,-138 Wh,-1.73 kWh,1.84 kWh
2026-03-07 13:40:00,-179 Wh,0 Wh,-880 Wh,-139 Wh,-1.74 kWh,1.87 kWh
2026-03-07 13:50:00,-180 Wh,0 Wh,-885 Wh,-139 Wh,-1.74 kWh,1.90 kWh
2026-03-07 14:00:00,-181 Wh,0 Wh,-889 Wh,-140 Wh,-1.75 kWh,1.93 kWh
2026-03-07 14:10:00,-182 Wh,0 Wh,-894 Wh,-141 Wh,-1.76 kWh,1.95 kWh
2026-03-07 14:20:00,-183 Wh,0 Wh,-899 Wh,-142 Wh,-1.76 kWh,1.97 kWh
2026-03-07 14:30:00,-185 Wh,0 Wh,-903 Wh,-142 Wh,-1.77 kWh,2.00 kWh
2026-03-07 14:40:00,-186 Wh,0 Wh,-908 Wh,-143 Wh,-1.77 kWh,2.02 kWh
2026-03-07 14:50:00,-187 Wh,0 Wh,-913 Wh,-144 Wh,-1.78 kWh,2.03 kWh
2026-03-07 15:00:00,-188 Wh,0 Wh,-917 Wh,-145 Wh,-1.78 kWh,2.05 kWh
2026-03-07 15:10:00,-189 Wh,0 Wh,-922 Wh,-145 Wh,-1.79 kWh,2.07 kWh
2026-03-07 15:20:00,-190 Wh,0 Wh,-927 Wh,-146 Wh,-1.79 kWh,2.08 kWh
2026-03-07 15:30:00,-191 Wh,0 Wh,-931 Wh,-147 Wh,-1.79 kWh,2.10 kWh
2026-03-07 15:40:00,-191 Wh,0 Wh,-936 Wh,-147 Wh,-1.79 kWh,2.11 kWh
2026-03-07 15:50:00,-192 Wh,0 Wh,-941 Wh,-148 Wh,-1.80 kWh,2.13 kWh
2026-03-07 16:00:00,-193 Wh,0 Wh,-946 Wh,-149 Wh,-1.80 kWh,2.15 kWh
2026-03-07 16:10:00,-194 Wh,0 Wh,-950 Wh,-150 Wh,-1.80 kWh,2.16 kWh
2026-03-07 16:20:00,-196 Wh,0 Wh,-955 Wh,-150 Wh,-1.80 kWh,2.17 kWh
2026-03-07 16:30:00,-197 Wh,0 Wh,-959 Wh,-151 Wh,-1.81 kWh,2.18 kWh
2026-03-07 16:40:00,-198 Wh,0 Wh,-964 Wh,-152 Wh,-1.81 kWh,2.19 kWh
2026-03-07 16:50:00,-199 Wh,0 Wh,-968 Wh,-153 Wh,-1.82 kWh,2.20 kWh
2026-03-07 17:00:00,-200 Wh,0 Wh,-972 Wh,-153 Wh,-1.82 kWh,2.21 kWh
2026-03-07 17:10:00,-201 Wh,0 Wh,-972 Wh,-154 Wh,-1.83 kWh,2.21 kWh
2026-03-07 17:20:00,-202 Wh,0 Wh,-972 Wh,-155 Wh,-1.84 kWh,2.22 kWh
2026-03-07 17:30:00,-203 Wh,0 Wh,-977 Wh,-155 Wh,-1.84 kWh,2.22 kWh
2026-03-07 17:40:00,-204 Wh,0 Wh,-981 Wh,-156 Wh,-1.85 kWh,2.22 kWh
2026-03-07 17:50:00,-205 Wh,0 Wh,-986 Wh,-157 Wh,-1.86 kWh,2.23 kWh
2026-03-07 18:00:00,-206 Wh,0 Wh,-990 Wh,-158 Wh,-1.86 kWh,2.23 kWh
2026-03-07 18:10:00,-207 Wh,0 Wh,-995 Wh,-158 Wh,-1.87 kWh,2.23 kWh
2026-03-07 18:20:00,-208 Wh,0 Wh,-1000 Wh,-159 Wh,-1.88 kWh,2.23 kWh
2026-03-07 18:30:00,-209 Wh,0 Wh,-1.00 kWh,-160 Wh,-1.88 kWh,2.24 kWh
2026-03-07 18:40:00,-210 Wh,0 Wh,-1.01 kWh,-161 Wh,-1.89 kWh,2.24 kWh
2026-03-07 18:50:00,-211 Wh,0 Wh,-1.01 kWh,-161 Wh,-1.89 kWh,2.24 kWh
2026-03-07 19:00:00,-212 Wh,0 Wh,-1.02 kWh,-162 Wh,-1.89 kWh,2.24 kWh
2026-03-07 19:10:00,-212 Wh,0 Wh,-1.02 kWh,-163 Wh,-1.89 kWh,2.24 kWh
2026-03-07 19:20:00,-213 Wh,0 Wh,-1.03 kWh,-163 Wh,-1.90 kWh,2.25 kWh
2026-03-07 19:30:00,-214 Wh,0 Wh,-1.03 kWh,-164 Wh,-1.90 kWh,2.25 kWh
2026-03-07 19:40:00,-215 Wh,0 Wh,-1.04 kWh,-165 Wh,-1.91 kWh,2.25 kWh
2026-03-07 19:50:00,-216 Wh,0 Wh,-1.04 kWh,-166 Wh,-1.92 kWh,2.25 kWh
2026-03-07 20:00:00,-217 Wh,0 Wh,-1.05 kWh,-166 Wh,-1.93 kWh,2.25 kWh
2026-03-07 20:10:00,-218 Wh,0 Wh,-1.05 kWh,-167 Wh,-1.94 kWh,2.26 kWh
2026-03-07 20:20:00,-219 Wh,0 Wh,-1.06 kWh,-168 Wh,-1.94 kWh,2.26 kWh
2026-03-07 20:30:00,-221 Wh,0 Wh,-1.06 kWh,-168 Wh,-1.95 kWh,2.26 kWh
2026-03-07 20:40:00,-221 Wh,0 Wh,-1.06 kWh,-169 Wh,-1.95 kWh,2.26 kWh
2026-03-07 20:50:00,-222 Wh,0 Wh,-1.07 kWh,-170 Wh,-1.95 kWh,2.26 kWh
2026-03-07 21:00:00,-223 Wh,0 Wh,-1.07 kWh,-171 Wh,-1.95 kWh,2.27 kWh
2026-03-07 21:10:00,-224 Wh,0 Wh,-1.08 kWh,-171 Wh,-1.95 kWh,2.27 kWh
2026-03-07 21:20:00,-224 Wh,0 Wh,-1.08 kWh,-172 Wh,-1.95 kWh,2.27 kWh
2026-03-07 21:30:00,-225 Wh,0 Wh,-1.09 kWh,-173 Wh,-1.95 kWh,2.27 kWh
2026-03-07 21:40:00,-227 Wh,0 Wh,-1.09 kWh,-173 Wh,-1.95 kWh,2.27 kWh
2026-03-07 21:50:00,-228 Wh,0 Wh,-1.10 kWh,-174 Wh,-1.95 kWh,2.28 kWh
2026-03-07 22:00:00,-229 Wh,0 Wh,-1.10 kWh,-175 Wh,-1.95 kWh,2.28 kWh
2026-03-07 22:10:00,-230 Wh,0 Wh,-1.11 kWh,-176 Wh,-1.96 kWh,2.28 kWh
2026-03-07 22:20:00,-231 Wh,0 Wh,-1.11 kWh,-176 Wh,-1.96 kWh,2.28 kWh
2026-03-07 22:30:00,-232 Wh,0 Wh,-1.12 kWh,-177 Wh,-1.96 kWh,2.28 kWh
2026-03-07 22:40:00,-233 Wh,0 Wh,-1.12 kWh,-178 Wh,-1.96 kWh,2.29 kWh
2026-03-07 22:50:00,-234 Wh,0 Wh,-1.12 kWh,-178 Wh,-1.96 kWh,2.29 kWh
2026-03-07 23:00:00,-235 Wh,0 Wh,-1.13 kWh,-179 Wh,-1.96 kWh,2.29 kWh
2026-03-07 23:10:00,-236 Wh,0 Wh,-1.13 kWh,-180 Wh,-1.96 kWh,2.29 kWh
2026-03-07 23:20:00,-236 Wh,0 Wh,-1.13 kWh,-181 Wh,-1.96 kWh,2.29 kWh
2026-03-07 23:30:00,-237 Wh,0 Wh,-1.14 kWh,-181 Wh,-1.96 kWh,2.29 kWh
2026-03-07 23:40:00,-238 Wh,0 Wh,-1.14 kWh,-182 Wh,-1.96 kWh,2.30 kWh
2026-03-07 23:50:00,-239 Wh,0 Wh,-1.15 kWh,-183 Wh,-1.96 kWh,2.30 kWh
2026-03-08 00:00:00,-239 Wh,0 Wh,-1.15 kWh,-183 Wh,-1.96 kWh,2.30 kWh
2026-03-08 00:10:00,-240 Wh,0 Wh,-1.16 kWh,-184 Wh,-1.96 kWh,2.30 kWh
2026-03-08 00:20:00,-241 Wh,0 Wh,-1.16 kWh,-185 Wh,-1.96 kWh,2.30 kWh
2026-03-08 00:30:00,-242 Wh,0 Wh,-1.17 kWh,-186 Wh,-1.97 kWh,2.31 kWh
2026-03-08 00:40:00,-243 Wh,0 Wh,-1.17 kWh,-186 Wh,-1.97 kWh,2.31 kWh
2026-03-08 00:50:00,-244 Wh,0 Wh,-1.18 kWh,-187 Wh,-1.97 kWh,2.31 kWh
2026-03-08 01:00:00,-245 Wh,0 Wh,-1.18 kWh,-188 Wh,-1.97 kWh,2.31 kWh
2026-03-08 01:10:00,-246 Wh,0 Wh,-1.18 kWh,-188 Wh,-1.97 kWh,2.31 kWh
2026-03-08 01:20:00,-247 Wh,0 Wh,-1.19 kWh,-189 Wh,-1.97 kWh,2.32 kWh
2026-03-08 01:30:00,-248 Wh,0 Wh,-1.19 kWh,-190 Wh,-1.98 kWh,2.32 kWh
2026-03-08 01:40:00,-249 Wh,0 Wh,-1.20 kWh,-191 Wh,-1.98 kWh,2.32 kWh
2026-03-08 01:50:00,-250 Wh,0 Wh,-1.20 kWh,-191 Wh,-1.98 kWh,2.32 kWh
2026-03-08 03:00:00,-251 Wh,0 Wh,-1.21 kWh,-192 Wh,-1.98 kWh,2.32 kWh
2026-03-08 03:10:00,-252 Wh,0 Wh,-1.21 kWh,-193 Wh,-1.98 kWh,2.33 kWh
2026-03-08 03:20:00,-253 Wh,0 Wh,-1.22 kWh,-193 Wh,-1.99 kWh,2.33 kWh
2026-03-08 03:30:00,-253 Wh,0 Wh,-1.22 kWh,-194 Wh,-1.99 kWh,2.33 kWh
2026-03-08 03:40:00,-254 Wh,0 Wh,-1.23 kWh,-195 Wh,-1.99 kWh,2.33 kWh
2026-03-08 03:50:00,-255 Wh,0 Wh,-1.23 kWh,-196 Wh,-1.99 kWh,2.33 kWh
2026-03-08 04:00:00,-256 Wh,0 Wh,-1.24 kWh,-196 Wh,-1.99 kWh,2.34 kWh
2026-03-08 04:10:00,-256 Wh,0 Wh,-1.24 kWh,-197 Wh,-1.99 kWh,2.34 kWh
2026-03-08 04:20:00,-257 Wh,0 Wh,-1.24 kWh,-198 Wh,-1.99 kWh,2.34 kWh
2026-03-08 04:30:00,-258 Wh,0 Wh,-1.25 kWh,-198 Wh,-1.99 kWh,2.34 kWh
2026-03-08 04:40:00,-258 Wh,0 Wh,-1.25 kWh,-199 Wh,-1.99 kWh,2.34 kWh
2026-03-08 04:50:00,-259 Wh,0 Wh,-1.26 kWh,-200 Wh,-1.99 kWh,2.35 kWh
2026-03-08 05:00:00,-260 Wh,0 Wh,-1.26 kWh,-200 Wh,-1.99 kWh,2.35 kWh
2026-03-08 05:10:00,-260 Wh,0 Wh,-1.27 kWh,-201 Wh,-1.99 kWh,2.35 kWh
2026-03-08 05:20:00,-261 Wh,0 Wh,-1.27 kWh,-202 Wh,-1.99 kWh,2.35 kWh
2026-03-08 05:30:00,-262 Wh,0 Wh,-1.27 kWh,-203 Wh,-1.99 kWh,2.35 kWh
2026-03-08 05:40:00,-262 Wh,0 Wh,-1.27 kWh,-203 Wh,-1.99 kWh,2.36 kWh
2026-03-08 05:50:00,-263 Wh,0 Wh,-1.27 kWh,-204 Wh,-1.99 kWh,2.36 kWh
2026-03-08 06:00:00,-264 Wh,0 Wh,-1.27 kWh,-205 Wh,-1.99 kWh,2.36 kWh
2026-03-08 06:10:00,-265 Wh,0 Wh,-1.27 kWh,-205 Wh,-1.99 kWh,2.36 kWh
2026-03-08 06:20:00,-267 Wh,0 Wh,-1.27 kWh,-206 Wh,-1.99 kWh,2.36 kWh
2026-03-08 06:30:00,-268 Wh,0 Wh,-1.27 kWh,-207 Wh,-1.99 kWh,2.37 kWh
2026-03-08 06:40:00,-269 Wh,0 Wh,-1.28 kWh,-208 Wh,-2.00 kWh,2.37 kWh
2026-03-08 06:50:00,-270 Wh,0 Wh,-1.28 kWh,-208 Wh,-2.00 kWh,2.37 kWh
2026-03-08 07:00:00,-271 Wh,0 Wh,-1.29 kWh,-209 Wh,-2.00 kWh,2.37 kWh
2026-03-08 07:10:00,-272 Wh,0 Wh,-1.29 kWh,-210 Wh,-2.00 kWh,2.37 kWh
2026-03-08 07:20:00,-273 Wh,0 Wh,-1.30 kWh,-210 Wh,-2.00 kWh,2.38 kWh
2026-03-08 07:30:00,-274 Wh,0 Wh,-1.30 kWh,-211 Wh,-2.01 kWh,2.38 kWh
2026-03-08 07:40:00,-275 Wh,0 Wh,-1.30 kWh,-212 Wh,-2.01 kWh,2.38 kWh
2026-03-08 07:50:00,-276 Wh,0 Wh,-1.31 kWh,-213 Wh,-2.01 kWh,2.38 kWh
2026-03-08 08:00:00,-277 Wh,0 Wh,-1.31 kWh,-213 Wh,-2.01 kWh,2.39 kWh
2026-03-08 08:10:00,-278 Wh,0 Wh,-1.32 kWh,-214 Wh,-2.01 kWh,2.39 kWh
2026-03-08 08:20:00,-278 Wh,0 Wh,-1.32 kWh,-215 Wh,-2.01 kWh,2.40 kWh
2026-03-08 08:30:00,-279 Wh,0 Wh,-1.33 kWh,-215 Wh,-2.01 kWh,2.40 kWh
2026-03-08 08:40:00,-280 Wh,0 Wh,-1.33 kWh,-216 Wh,-2.01 kWh,2.41 kWh
2026-03-08 08:50:00,-280 Wh,0 Wh,-1.34 kWh,-217 Wh,-2.01 kWh,2.42 kWh
2026-03-08 09:00:00,-281 Wh,0 Wh,-1.34 kWh,-218 Wh,-2.01 kWh,2.44 kWh
2026-03-08 09:10:00,-282 Wh,0 Wh,-1.35 kWh,-218 Wh,-2.01 kWh,2.44 kWh
2026-03-08 09:20:00,-283 Wh,0 Wh,-1.35 kWh,-219 Wh,-2.02 kWh,2.45 kWh
2026-03-08 09:30:00,-284 Wh,0 Wh,-1.36 kWh,-220 Wh,-2.02 kWh,2.46 kWh
2026-03-08 09:40:00,-285 Wh,0 Wh,-1.36 kWh,-220 Wh,-2.02 kWh,2.47 kWh
2026-03-08 09:50:00,-286 Wh,0 Wh,-1.36 kWh,-221 Wh,-2.02 kWh,2.47 kWh
2026-03-08 10:00:00,-287 Wh,0 Wh,-1.37 kWh,-222 Wh,-2.03 kWh,2.48 kWh
2026-03-08 10:10:00,-288 Wh,0 Wh,-1.37 kWh,-223 Wh,-2.03 kWh,2.49 kWh
2026-03-08 10:20:00,-289 Wh,0 Wh,-1.38 kWh,-223 Wh,-2.03 kWh,2.50 kWh
2026-03-08 10:30:00,-290 Wh,0 Wh,-1.38 kWh,-224 Wh,-2.03 kWh,2.51 kWh
2026-03-08 10:40:00,-291 Wh,0 Wh,-1.39 kWh,-225 Wh,-2.04 kWh,2.52 kWh
2026-03-08 10:50:00,-292 Wh,0 Wh,-1.39 kWh,-225 Wh,-2.04 kWh,2.54 kWh
2026-03-08 11:00:00,-293 Wh,0 Wh,-1.40 kWh,-226 Wh,-2.04 kWh,2.56 kWh
2026-03-08 11:10:00,-294 Wh,0 Wh,-1.40 kWh,-227 Wh,-2.05 kWh,2.58 kWh
2026-03-08 11:20:00,-295 Wh,0 Wh,-1.41 kWh,-228 Wh,-2.05 kWh,2.60 kWh
2026-03-08 11:30:00,-296 Wh,0 Wh,-1.41 kWh,-228 Wh,-2.05 kWh,2.62 kWh
2026-03-08 11:40:00,-297 Wh,0 Wh,-1.42 kWh,-229 Wh,-2.06 kWh,2.65 kWh
2026-03-08 11:50:00,-298 Wh,0 Wh,-1.42 kWh,-230 Wh,-2.06 kWh,2.67 kWh
2026-03-08 12:00:00,-299 Wh,0 Wh,-1.43 kWh,-231 Wh,-2.06 kWh,2.70 kWh
2026-03-08 12:10:00,-300 Wh,0 Wh,-1.43 kWh,-231 Wh,-2.06 kWh,2.73 kWh
2026-03-08 12:20:00,-301 Wh,0 Wh,-1.43 kWh,-232 Wh,-2.07 kWh,2.76 kWh
2026-03-08 12:30:00,-302 Wh,0 Wh,-1.43 kWh,-233 Wh,-2.07 kWh,2.78 kWh
2026-03-08 12:40:00,-303 Wh,0 Wh,-1.43 kWh,-233 Wh,-2.08 kWh,2.81 kWh
2026-03-08 12:50:00,-305 Wh,0 Wh,-1.43 kWh,-234 Wh,-2.08 kWh,2.84 kWh
2026-03-08 13:00:00,-306 Wh,0 Wh,-1.43 kWh,-235 Wh,-2.08 kWh,2.87 kWh
2026-03-08 13:10:00,-307 Wh,0 Wh,-1.43 kWh,-236 Wh,-2.09 kWh,2.90 kWh
2026-03-08 13:20:00,-308 Wh,0 Wh,-1.43 kWh,-236 Wh,-2.09 kWh,2.93 kWh
2026-03-08 13:30:00,-309 Wh,0 Wh,-1.43 kWh,-237 Wh,-2.10 kWh,2.96 kWh
2026-03-08 13:40:00,-310 Wh,0 Wh,-1.43 kWh,-238 Wh,-2.10 kWh,2.98 kWh
2026-03-08 13:50:00,-311 Wh,0 Wh,-1.44 kWh,-239 Wh,-2.11 kWh,3.01 kWh
2026-03-08 14:00:00,-312 Wh,0 Wh,-1.44 kWh,-239 Wh,-2.11 kWh,3.04 kWh
2026-03-08 14:10:00,-313 Wh,0 Wh,-1.45 kWh,-240 Wh,-2.11 kWh,3.07 kWh
2026-03-08 14:20:00,-314 Wh,0 Wh,-1.45 kWh,-241 Wh,-2.12 kWh,3.10 kWh
2026-03-08 14:30:00,-315 Wh,0 Wh,-1.46 kWh,-242 Wh,-2.12 kWh,3.14 kWh
2026-03-08 14:40:00,-316 Wh,0 Wh,-1.46 kWh,-242 Wh,-2.13 kWh,3.17 kWh
2026-03-08 14:50:00,-317 Wh,0 Wh,-1.47 kWh,-243 Wh,-2.13 kWh,3.20 kWh
2026-03-08 15:00:00,-318 Wh,0 Wh,-1.47 kWh,-244 Wh,-2.14 kWh,3.23 kWh
2026-03-08 15:10:00,-319 Wh,0 Wh,-1.48 kWh,-245 Wh,-2.14 kWh,3.26 kWh
2026-03-08 15:20:00,-321 Wh,0 Wh,-1.48 kWh,-245 Wh,-2.15 kWh,3.29 kWh
2026-03-08 15:30:00,-321 Wh,0 Wh,-1.49 kWh,-246 Wh,-2.15 kWh,3.32 kWh
2026-03-08 15:40:00,-323 Wh,0 Wh,-1.49 kWh,-247 Wh,-2.16 kWh,3.35 kWh
2026-03-08 15:50:00,-324 Wh,0 Wh,-1.50 kWh,-248 Wh,-2.16 kWh,3.38 kWh
2026-03-08 16:00:00,-325 Wh,0 Wh,-1.50 kWh,-248 Wh,-2.17 kWh,3.40 kWh
2026-03-08 16:10:00,-326 Wh,0 Wh,-1.50 kWh,-249 Wh,-2.17 kWh,3.43 kWh
2026-03-08 16:20:00,-327 Wh,0 Wh,-1.51 kWh,-250 Wh,-2.17 kWh,3.45 kWh
2026-03-08 16:30:00,-328 Wh,0 Wh,-1.51 kWh,-250 Wh,-2.18 kWh,3.48 kWh
2026-03-08 16:40:00,-329 Wh,0 Wh,-1.52 kWh,-251 Wh,-2.18 kWh,3.50 kWh
2026-03-08 16:50:00,-330 Wh,0 Wh,-1.52 kWh,-252 Wh,-2.18 kWh,3.52 kWh
2026-03-08 17:00:00,-330 Wh,0 Wh,-1.52 kWh,-253 Wh,-2.18 kWh,3.53 kWh
2026-03-08 17:10:00,-331 Wh,0 Wh,-1.53 kWh,-253 Wh,-2.18 kWh,3.55 kWh
2026-03-08 17:20:00,-332 Wh,0 Wh,-1.53 kWh,-254 Wh,-2.18 kWh,3.56 kWh
2026-03-08 17:30:00,-333 Wh,0 Wh,-1.54 kWh,-255 Wh,-2.18 kWh,3.57 kWh
2026-03-08 17:40:00,-333 Wh,0 Wh,-1.54 kWh,-256 Wh,-2.18 kWh,3.58 kWh
2026-03-08 17:50:00,-334 Wh,0 Wh,-1.54 kWh,-256 Wh,-2.18 kWh,3.59 kWh
2026-03-08 18:00:00,-335 Wh,0 Wh,-1.55 kWh,-257 Wh,-2.18 kWh,3.59 kWh
2026-03-08 18:10:00,-335 Wh,0 Wh,-1.55 kWh,-258 Wh,-2.18 kWh,3.60 kWh
2026-03-08 18:20:00,-336 Wh,0 Wh,-1.56 kWh,-258 Wh,-2.18 kWh,3.60 kWh
2026-03-08 18:30:00,-337 Wh,0 Wh,-1.56 kWh,-259 Wh,-2.18 kWh,3.61 kWh
2026-03-08 18:40:00,-337 Wh,0 Wh,-1.57 kWh,-260 Wh,-2.18 kWh,3.61 kWh
2026-03-08 18:50:00,-338 Wh,0 Wh,-1.57 kWh,-261 Wh,-2.18 kWh,3.61 kWh
2026-03-08 19:00:00,-339 Wh,0 Wh,-1.57 kWh,-261 Wh,-2.18 kWh,3.62 kWh
2026-03-08 19:10:00,-340 Wh,0 Wh,-1.58 kWh,-262 Wh,-2.19 kWh,3.62 kWh
2026-03-08 19:20:00,-341 Wh,0 Wh,-1.58 kWh,-263 Wh,-2.19 kWh,3.62 kWh
2026-03-08 19:30:00,-342 Wh,0 Wh,-1.59 kWh,-264 Wh,-2.20 kWh,3.62 kWh
2026-03-08 19:40:00,-343 Wh,0 Wh,-1.59 kWh,-264 Wh,-2.21 kWh,3.62 kWh
2026-03-08 19:50:00,-344 Wh,0 Wh,-1.60 kWh,-265 Wh,-2.21 kWh,3.63 kWh
2026-03-08 20:00:00,-345 Wh,0 Wh,-1.60 kWh,-266 Wh,-2.22 kWh,3.63 kWh
2026-03-08 20:10:00,-347 Wh,0 Wh,-1.61 kWh,-266 Wh,-2.23 kWh,3.63 kWh
2026-03-08 20:20:00,-348 Wh,0 Wh,-1.61 kWh,-267 Wh,-2.23 kWh,3.63 kWh
2026-03-08 20:30:00,-349 Wh,0 Wh,-1.62 kWh,-268 Wh,-2.24 kWh,3.63 kWh
2026-03-08 20:40:00,-350 Wh,0 Wh,-1.62 kWh,-269 Wh,-2.25 kWh,3.64 kWh
2026-03-08 20:50:00,-351 Wh,0 Wh,-1.62 kWh,-269 Wh,-2.25 kWh,3.64 kWh
2026-03-08 21:00:00,-352 Wh,0 Wh,-1.63 kWh,-270 Wh,-2.26 kWh,3.64 kWh
2026-03-08 21:10:00,-353 Wh,0 Wh,-1.63 kWh,-271 Wh,-2.26 kWh,3.64 kWh
2026-03-08 21:20:00,-354 Wh,0 Wh,-1.64 kWh,-271 Wh,-2.27 kWh,3.64 kWh
2026-03-08 21:30:00,-355 Wh,0 Wh,-1.64 kWh,-272 Wh,-2.28 kWh,3.65 kWh
2026-03-08 21:40:00,-356 Wh,0 Wh,-1.65 kWh,-273 Wh,-2.28 kWh,3.65 kWh
2026-03-08 21:50:00,-357 Wh,0 Wh,-1.65 kWh,-274 Wh,-2.29 kWh,3.65 kWh
2026-03-08 22:00:00,-358 Wh,0 Wh,-1.66 kWh,-274 Wh,-2.30 kWh,3.65 kWh
2026-03-08 22:10:00,-360 Wh,0 Wh,-1.66 kWh,-275 Wh,-2.30 kWh,3.65 kWh
2026-03-08 22:20:00,-361 Wh,0 Wh,-1.67 kWh,-276 Wh,-2.31 kWh,3.66 kWh
2026-03-08 22:30:00,-362 Wh,0 Wh,-1.67 kWh,-276 Wh,-2.32 kWh,3.66 kWh
2026-03-08 22:40:00,-363 Wh,0 Wh,-1.67 kWh,-277 Wh,-2.32 kWh,3.66 kWh
2026-03-08 22:50:00,-364 Wh,0 Wh,-1.68 kWh,-278 Wh,-2.33 kWh,3.66 kWh
2026-03-08 23:00:00,-365 Wh,0 Wh,-1.68 kWh,-279 Wh,-2.33 kWh,3.66 kWh
2026-03-08 23:10:00,-365 Wh,0 Wh,-1.69 kWh,-279 Wh,-2.33 kWh,3.67 kWh
2026-03-08 23:20:00,-366 Wh,0 Wh,-1.69 kWh,-280 Wh,-2.33 kWh,3.67 kWh
2026-03-08 23:30:00,-367 Wh,0 Wh,-1.70 kWh,-281 Wh,-2.33 kWh,3.67 kWh
2026-03-08 23:40:00,-368 Wh,0 Wh,-1.70 kWh,-281 Wh,-2.33 kWh,3.67 kWh
2026-03-08 23:50:00,-368 Wh,0 Wh,-1.71 kWh,-282 Wh,-2.33 kWh,3.67 kWh
2026-03-09 00:00:00,-369 Wh,0 Wh,-1.71 kWh,-283 Wh,-2.33 kWh,3.68 kWh
2026-03-09 00:10:00,-370 Wh,0 Wh,-1.72 kWh,-284 Wh,-2.33 kWh,3.68 kWh
2026-03-09 00:20:00,-370 Wh,0 Wh,-1.72 kWh,-284 Wh,-2.33 kWh,3.68 kWh
2026-03-09 00:30:00,-371 Wh,0 Wh,-1.72 kWh,-285 Wh,-2.33 kWh,3.68 kWh
2026-03-09 00:40:00,-372 Wh,0 Wh,-1.73 kWh,-286 Wh,-2.33 kWh,3.68 kWh
2026-03-09 00:50:00,-372 Wh,0 Wh,-1.73 kWh,-286 Wh,-2.33 kWh,3.68 kWh
2026-03-09 01:00:00,-373 Wh,0 Wh,-1.74 kWh,-287 Wh,-2.33 kWh,3.69 kWh
2026-03-09 01:10:00,-374 Wh,0 Wh,-1.74 kWh,-288 Wh,-2.33 kWh,3.69 kWh
2026-03-09 01:20:00,-375 Wh,0 Wh,-1.75 kWh,-289 Wh,-2.33 kWh,3.69 kWh
2026-03-09 01:30:00,-375 Wh,0 Wh,-1.75 kWh,-289 Wh,-2.33 kWh,3.69 kWh
2026-03-09 01:40:00,-376 Wh,0 Wh,-1.76 kWh,-290 Wh,-2.33 kWh,3.69 kWh
2026-03-09 01:50:00,-377 Wh,0 Wh,-1.76 kWh,-291 Wh,-2.33 kWh,3.70 kWh
2026-03-09 02:00:00,-377 Wh,0 Wh,-1.77 kWh,-291 Wh,-2.33 kWh,3.70 kWh
2026-03-09 02:10:00,-378 Wh,0 Wh,-1.77 kWh,-292 Wh,-2.33 kWh,3.70 kWh
2026-03-09 02:20:00,-379 Wh,0 Wh,-1.78 kWh,-293 Wh,-2.33 kWh,3.70 kWh
2026-03-09 02:30:00,-379 Wh,0 Wh,-1.78 kWh,-294 Wh,-2.33 kWh,3.70 kWh
2026-03-09 02:40:00,-380 Wh,0 Wh,-1.79 kWh,-294 Wh,-2.33 kWh,3.71 kWh
2026-03-09 02:50:00,-381 Wh,0 Wh,-1.79 kWh,-295 Wh,-2.33 kWh,3.71 kWh
2026-03-09 03:00:00,-382 Wh,0 Wh,-1.79 kWh,-296 Wh,-2.33 kWh,3.71 kWh
2026-03-09 03:10:00,-383 Wh,0 Wh,-1.80 kWh,-296 Wh,-2.34 kWh,3.71 kWh
2026-03-09 03:20:00,-384 Wh,0 Wh,-1.80 kWh,-297 Wh,-2.34 kWh,3.71 kWh
2026-03-09 03:30:00,-386 Wh,0 Wh,-1.81 kWh,-298 Wh,-2.35 kWh,3.72 kWh
2026-03-09 03:40:00,-387 Wh,0 Wh,-1.81 kWh,-299 Wh,-2.35 kWh,3.72 kWh
2026-03-09 03:50:00,-388 Wh,0 Wh,-1.82 kWh,-299 Wh,-2.36 kWh,3.72 kWh
2026-03-09 04:00:00,-389 Wh,0 Wh,-1.82 kWh,-300 Wh,-2.36 kWh,3.72 kWh
2026-03-09 04:10:00,-390 Wh,0 Wh,-1.83 kWh,-301 Wh,-2.36 kWh,3.72 kWh
2026-03-09 04:20:00,-391 Wh,0 Wh,-1.83 kWh,-301 Wh,-2.37 kWh,3.73 kWh
2026-03-09 04:30:00,-392 Wh,0 Wh,-1.84 kWh,-302 Wh,-2.37 kWh,3.73 kWh
2026-03-09 04:40:00,-393 Wh,0 Wh,-1.84 kWh,-303 Wh,-2.38 kWh,3.73 kWh
2026-03-09 04:50:00,-394 Wh,0 Wh,-1.84 kWh,-304 Wh,-2.38 kWh,3.73 kWh
2026-03-09 05:00:00,-395 Wh,0 Wh,-1.85 kWh,-304 Wh,-2.39 kWh,3.73 kWh
2026-03-09 05:10:00,-396 Wh,0 Wh,-1.85 kWh,-305 Wh,-2.39 kWh,3.74 kWh
2026-03-09 05:20:00,-398 Wh,0 Wh,-1.86 kWh,-306 Wh,-2.40 kWh,3.74 kWh
2026-03-09 05:30:00,-399 Wh,0 Wh,-1.86 kWh,-306 Wh,-2.40 kWh,3.74 kWh
2026-03-09 05:40:00,-400 Wh,0 Wh,-1.87 kWh,-307 Wh,-2.41 kWh,3.74 kWh
2026-03-09 05:50:00,-401 Wh,0 Wh,-1.87 kWh,-308 Wh,-2.41 kWh,3.74 kWh
2026-03-09 06:00:00,-402 Wh,0 Wh,-1.88 kWh,-309 Wh,-2.42 kWh,3.75 kWh
2026-03-09 06:10:00,-403 Wh,0 Wh,-1.88 kWh,-309 Wh,-2.42 kWh,3.75 kWh
2026-03-09 06:20:00,-404 Wh,0 Wh,-1.89 kWh,-310 Wh,-2.43 kWh,3.75 kWh
2026-03-09 06:30:00,-405 Wh,0 Wh,-1.89 kWh,-311 Wh,-2.43 kWh,3.75 kWh
2026-03-09 06:40:00,-406 Wh,0 Wh,-1.89 kWh,-311 Wh,-2.44 kWh,3.75 kWh
2026-03-09 06:50:00,-407 Wh,0 Wh,-1.90 kWh,-312 Wh,-2.44 kWh,3.76 kWh
2026-03-09 07:00:00,-408 Wh,0 Wh,-1.90 kWh,-313 Wh,-2.45 kWh,3.76 kWh
2026-03-09 07:10:00,-409 Wh,0 Wh,-1.91 kWh,-314 Wh,-2.45 kWh,3.76 kWh
2026-03-09 07:20:00,-410 Wh,0 Wh,-1.91 kWh,-314 Wh,-2.46 kWh,3.76 kWh
2026-03-09 07:30:00,-411 Wh,0 Wh,-1.92 kWh,-315 Wh,-2.47 kWh,3.76 kWh
2026-03-09 07:40:00,-412 Wh,0 Wh,-1.92 kWh,-316 Wh,-2.47 kWh,3.77 kWh
2026-03-09 07:50:00,-413 Wh,0 Wh,-1.93 kWh,-316 Wh,-2.48 kWh,3.77 kWh
2026-03-09 08:00:00,-415 Wh,0 Wh,-1.93 kWh,-317 Wh,-2.49 kWh,3.77 kWh
2026-03-09 08:10:00,-416 Wh,0 Wh,-1.94 kWh,-318 Wh,-2.49 kWh,3.78 kWh
2026-03-09 08:20:00,-417 Wh,0 Wh,-1.94 kWh,-319 Wh,-2.50 kWh,3.78 kWh
2026-03-09 08:30:00,-418 Wh,0 Wh,-1.94 kWh,-319 Wh,-2.50 kWh,3.79 kWh
2026-03-09 08:40:00,-419 Wh,0 Wh,-1.95 kWh,-320 Wh,-2.51 kWh,3.80 kWh
2026-03-09 08:50:00,-420 Wh,0 Wh,-1.95 kWh,-321 Wh,-2.52 kWh,3.80 kWh
2026-03-09 09:00:00,-421 Wh,0 Wh,-1.96 kWh,-321 Wh,-2.52 kWh,3.81 kWh
2026-03-09 09:10:00,-422 Wh,0 Wh,-1.96 kWh,-322 Wh,-2.53 kWh,3.82 kWh
2026-03-09 09:20:00,-423 Wh,0 Wh,-1.97 kWh,-323 Wh,-2.54 kWh,3.84 kWh
2026-03-09 09:30:00,-424 Wh,0 Wh,-1.97 kWh,-324 Wh,-2.54 kWh,3.85 kWh
2026-03-09 09:40:00,-425 Wh,0 Wh,-1.98 kWh,-324 Wh,-2.55 kWh,3.86 kWh
2026-03-09 09:50:00,-426 Wh,0 Wh,-1.98 kWh,-325 Wh,-2.56 kWh,3.87 kWh
2026-03-09 10:00:00,-427 Wh,0 Wh,-1.98 kWh,-326 Wh,-2.56 kWh,3.89 kWh
2026-03-09 10:10:00,-428 Wh,0 Wh,-1.99 kWh,-326 Wh,-2.57 kWh,3.90 kWh
2026-03-09 10:20:00,-429 Wh,0 Wh,-1.99 kWh,-327 Wh,-2.58 kWh,3.92 kWh
2026-03-09 10:30:00,-430 Wh,0 Wh,-2.00 kWh,-328 Wh,-2.58 kWh,3.94 kWh
2026-03-09 10:40:00,-431 Wh,0 Wh,-2.00 kWh,-329 Wh,-2.59 kWh,3.96 kWh
2026-03-09 10:50:00,-432 Wh,0 Wh,-2.01 kWh,-329 Wh,-2.60 kWh,3.97 kWh
2026-03-09 11:00:00,-433 Wh,0 Wh,-2.01 kWh,-330 Wh,-2.60 kWh,3.99 kWh
2026-03-09 11:10:00,-435 Wh,0 Wh,-2.02 kWh,-331 Wh,-2.61 kWh,4.01 kWh
2026-03-09 11:20:00,-436 Wh,0 Wh,-2.02 kWh,-331 Wh,-2.62 kWh,4.04 kWh
2026-03-09 11:30:00,-437 Wh,0 Wh,-2.02 kWh,-332 Wh,-2.63 kWh,4.06 kWh
2026-03-09 11:40:00,-438 Wh,0 Wh,-2.03 kWh,-333 Wh,-2.64 kWh,4.08 kWh
2026-03-09 11:50:00,-439 Wh,0 Wh,-2.03 kWh,-334 Wh,-2.65 kWh,4.11 kWh
2026-03-09 12:00:00,-440 Wh,0 Wh,-2.04 kWh,-334 Wh,-2.67 kWh,4.13 kWh
2026-03-09 12:10:00,-441 Wh,0 Wh,-2.04 kWh,-335 Wh,-2.68 kWh,4.16 kWh
2026-03-09 12:20:00,-442 Wh,0 Wh,-2.05 kWh,-336 Wh,-2.69 kWh,4.19 kWh
2026-03-09 12:30:00,-443 Wh,0 Wh,-2.05 kWh,-336 Wh,-2.69 kWh,4.22 kWh
2026-03-09 12:40:00,-444 Wh,0 Wh,-2.05 kWh,-337 Wh,-2.71 kWh,4.24 kWh
2026-03-09 12:50:00,-445 Wh,0 Wh,-2.06 kWh,-338 Wh,-2.72 kWh,4.27 kWh
2026-03-09 13:00:00,-446 Wh,0 Wh,-2.06 kWh,-339 Wh,-2.73 kWh,4.30 kWh
2026-03-09 13:10:00,-447 Wh,0 Wh,-2.07 kWh,-339 Wh,-2.74 kWh,4.33 kWh
2026-03-09 13:20:00,-449 Wh,0 Wh,-2.07 kWh,-340 Wh,-2.75 kWh,4.36 kWh
2026-03-09 13:30:00,-450 Wh,0 Wh,-2.08 kWh,-341 Wh,-2.76 kWh,4.39 kWh
2026-03-09 13:40:00,-451 Wh,0 Wh,-2.08 kWh,-342 Wh,-2.78 kWh,4.42 kWh
2026-03-09 13:50:00,-452 Wh,0 Wh,-2.09 kWh,-342 Wh,-2.79 kWh,4.45 kWh
2026-03-09 14:00:00,-453 Wh,0 Wh,-2.09 kWh,-343 Wh,-2.80 kWh,4.48 kWh
2026-03-09 14:10:00,-454 Wh,0 Wh,-2.09 kWh,-344 Wh,-2.82 kWh,4.51 kWh
2026-03-09 14:20:00,-455 Wh,0 Wh,-2.09 kWh,-344 Wh,-2.83 kWh,4.55 kWh
2026-03-09 14:30:00,-455 Wh,0 Wh,-2.09 kWh,-345 Wh,-2.84 kWh,4.58 kWh
2026-03-09 14:40:00,-456 Wh,0 Wh,-2.09 kWh,-346 Wh,-2.86 kWh,4.61 kWh
2026-03-09 14:50:00,-457 Wh,0 Wh,-2.10 kWh,-347 Wh,-2.87 kWh,4.64 kWh
2026-03-09 15:00:00,-458 Wh,0 Wh,-2.10 kWh,-347 Wh,-2.88 kWh,4.67 kWh
2026-03-09 15:10:00,-459 Wh,0 Wh,-2.11 kWh,-348 Wh,-2.90 kWh,4.70 kWh
2026-03-09 15:20:00,-461 Wh,0 Wh,-2.11 kWh,-349 Wh,-2.91 kWh,4.73 kWh
2026-03-09 15:30:00,-462 Wh,0 Wh,-2.12 kWh,-349 Wh,-2.92 kWh,4.75 kWh
2026-03-09 15:40:00,-463 Wh,0 Wh,-2.12 kWh,-350 Wh,-2.93 kWh,4.78 kWh
2026-03-09 15:50:00,-464 Wh,0 Wh,-2.12 kWh,-351 Wh,-2.94 kWh,4.80 kWh
2026-03-09 16:00:00,-465 Wh,0 Wh,-2.13 kWh,-352 Wh,-2.95 kWh,4.82 kWh
2026-03-09 16:10:00,-466 Wh,0 Wh,-2.13 kWh,-352 Wh,-2.96 kWh,4.85 kWh
2026-03-09 16:20:00,-467 Wh,0 Wh,-2.14 kWh,-353 Wh,-2.97 kWh,4.87 kWh
2026-03-09 16:30:00,-468 Wh,0 Wh,-2.14 kWh,-354 Wh,-2.98 kWh,4.89 kWh
2026-03-09 16:40:00,-469 Wh,0 Wh,-2.15 kWh,-355 Wh,-2.99 kWh,4.91 kWh
2026-03-09 16:50:00,-470 Wh,0 Wh,-2.15 kWh,-355 Wh,-3.00 kWh,4.93 kWh
2026-03-09 17:00:00,-471 Wh,0 Wh,-2.16 kWh,-356 Wh,-3.00 kWh,4.95 kWh
2026-03-09 17:10:00,-472 Wh,0 Wh,-2.16 kWh,-357 Wh,-3.01 kWh,4.96 kWh
2026-03-09 17:20:00,-474 Wh,0 Wh,-2.16 kWh,-357 Wh,-3.02 kWh,4.98 kWh
2026-03-09 17:30:00,-475 Wh,0 Wh,-2.17 kWh,-358 Wh,-3.02 kWh,4.99 kWh
2026-03-09 17:40:00,-476 Wh,0 Wh,-2.17 kWh,-359 Wh,-3.03 kWh,5.00 kWh
2026-03-09 17:50:00,-477 Wh,0 Wh,-2.18 kWh,-360 Wh,-3.04 kWh,5.01 kWh
2026-03-09 18:00:00,-478 Wh,0 Wh,-2.18 kWh,-360 Wh,-3.04 kWh,5.02 kWh
2026-03-09 18:10:00,-479 Wh,0 Wh,-2.19 kWh,-361 Wh,-3.05 kWh,5.03 kWh
2026-03-09 18:20:00,-480 Wh,0 Wh,-2.19 kWh,-362 Wh,-3.06 kWh,5.03 kWh
2026-03-09 18:30:00,-481 Wh,0 Wh,-2.20 kWh,-362 Wh,-3.06 kWh,5.04 kWh
2026-03-09 18:40:00,-482 Wh,0 Wh,-2.20 kWh,-363 Wh,-3.07 kWh,5.04 kWh
2026-03-09 18:50:00,-483 Wh,0 Wh,-2.21 kWh,-364 Wh,-3.08 kWh,5.05 kWh
2026-03-09 19:00:00,-484 Wh,0 Wh,-2.21 kWh,-365 Wh,-3.08 kWh,5.05 kWh
2026-03-09 19:10:00,-485 Wh,0 Wh,-2.21 kWh,-365 Wh,-3.09 kWh,5.05 kWh
2026-03-09 19:20:00,-486 Wh,0 Wh,-2.22 kWh,-366 Wh,-3.10 kWh,5.05 kWh
2026-03-09 19:30:00,-487 Wh,0 Wh,-2.22 kWh,-367 Wh,-3.11 kWh,5.05 kWh
2026-03-09 19:40:00,-488 Wh,0 Wh,-2.23 kWh,-367 Wh,-3.11 kWh,5.06 kWh
2026-03-09 19:50:00,-489 Wh,0 Wh,-2.23 kWh,-368 Wh,-3.12 kWh,5.06 kWh
2026-03-09 20:00:00,-490 Wh,0 Wh,-2.24 kWh,-369 Wh,-3.13 kWh,5.06 kWh
2026-03-09 20:10:00,-491 Wh,0 Wh,-2.24 kWh,-370 Wh,-3.13 kWh,5.06 kWh
2026-03-09 20:20:00,-492 Wh,0 Wh,-2.25 kWh,-370 Wh,-3.14 kWh,5.06 kWh
2026-03-09 20:30:00,-493 Wh,0 Wh,-2.25 kWh,-371 Wh,-3.15 kWh,5.07 kWh
2026-03-09 20:40:00,-495 Wh,0 Wh,-2.26 kWh,-372 Wh,-3.15 kWh,5.07 kWh
2026-03-09 20:50:00,-496 Wh,0 Wh,-2.26 kWh,-372 Wh,-3.16 kWh,5.07 kWh
2026-03-09 21:00:00,-497 Wh,0 Wh,-2.26 kWh,-373 Wh,-3.17 kWh,5.07 kWh
2026-03-09 21:10:00,-498 Wh,0 Wh,-2.27 kWh,-374 Wh,-3.17 kWh,5.07 kWh
2026-03-09 21:20:00,-499 Wh,0 Wh,-2.27 kWh,-375 Wh,-3.18 kWh,5.07 kWh
2026-03-09 21:30:00,-500 Wh,0 Wh,-2.28 kWh,-375 Wh,-3.19 kWh,5.08 kWh
2026-03-09 21:40:00,-501 Wh,0 Wh,-2.28 kWh,-376 Wh,-3.20 kWh,5.08 kWh
2026-03-09 21:50:00,-502 Wh,0 Wh,-2.29 kWh,-377 Wh,-3.20 kWh,5.08 kWh
2026-03-09 22:00:00,-503 Wh,0 Wh,-2.29 kWh,-377 Wh,-3.21 kWh,5.08 kWh
2026-03-09 22:10:00,-504 Wh,0 Wh,-2.30 kWh,-378 Wh,-3.22 kWh,5.08 kWh
2026-03-09 22:20:00,-505 Wh,0 Wh,-2.30 kWh,-379 Wh,-3.23 kWh,5.09 kWh
2026-03-09 22:30:00,-506 Wh,0 Wh,-2.31 kWh,-380 Wh,-3.24 kWh,5.09 kWh
2026-03-09 22:40:00,-507 Wh,0 Wh,-2.31 kWh,-380 Wh,-3.24 kWh,5.09 kWh
2026-03-09 22:50:00,-508 Wh,0 Wh,-2.31 kWh,-381 Wh,-3.25 kWh,5.09 kWh
2026-03-09 23:00:00,-509 Wh,0 Wh,-2.32 kWh,-382 Wh,-3.26 kWh,5.09 kWh
2026-03-09 23:10:00,-510 Wh,0 Wh,-2.32 kWh,-382 Wh,-3.27 kWh,5.10 kWh
2026-03-09 23:20:00,-511 Wh,0 Wh,-2.33 kWh,-383 Wh,-3.28 kWh,5.10 kWh
2026-03-09 23:30:00,-512 Wh,0 Wh,-2.33 kWh,-384 Wh,-3.28 kWh,5.10 kWh
2026-03-09 23:40:00,-514 Wh,0 Wh,-2.34 kWh,-384 Wh,-3.29 kWh,5.10 kWh
2026-03-09 23:50:00,-514 Wh,0 Wh,-2.34 kWh,-385 Wh,-3.30 kWh,5.10 kWh
2026-03-10 00:00:00,-515 Wh,0 Wh,-2.35 kWh,-386 Wh,-3.31 kWh,5.11 kWh
2026-03-10 00:10:00,-516 Wh,0 Wh,-2.35 kWh,-387 Wh,-3.32 kWh,5.11 kWh
2026-03-10 00:20:00,-518 Wh,0 Wh,-2.36 kWh,-387 Wh,-3.32 kWh,5.11 kWh
2026-03-10 00:30:00,-519 Wh,0 Wh,-2.36 kWh,-388 Wh,-3.33 kWh,5.11 kWh
2026-03-10 00:40:00,-520 Wh,0 Wh,-2.37 kWh,-389 Wh,-3.34 kWh,5.11 kWh
2026-03-10 00:50:00,-521 Wh,0 Wh,-2.37 kWh,-389 Wh,-3.35 kWh,5.12 kWh
2026-03-10 01:00:00,-522 Wh,0 Wh,-2.37 kWh,-390 Wh,-3.37 kWh,5.12 kWh
2026-03-10 01:10:00,-523 Wh,0 Wh,-2.38 kWh,-391 Wh,-3.38 kWh,5.12 kWh
2026-03-10 01:20:00,-524 Wh,0 Wh,-2.38 kWh,-392 Wh,-3.39 kWh,5.12 kWh
2026-03-10 01:30:00,-525 Wh,0 Wh,-2.39 kWh,-392 Wh,-3.39 kWh,5.12 kWh
2026-03-10 01:40:00,-526 Wh,0 Wh,-2.39 kWh,-393 Wh,-3.41 kWh,5.13 kWh
2026-03-10 01:50:00,-527 Wh,0 Wh,-2.40 kWh,-394 Wh,-3.42 kWh,5.13 kWh
2026-03-10 02:00:00,-528 Wh,0 Wh,-2.40 kWh,-394 Wh,-3.43 kWh,5.13 kWh
2026-03-10 02:10:00,-529 Wh,0 Wh,-2.41 kWh,-395 Wh,-3.44 kWh,5.13 kWh
2026-03-10 02:20:00,-530 Wh,0 Wh,-2.41 kWh,-396 Wh,-3.46 kWh,5.13 kWh
2026-03-10 02:30:00,-531 Wh,0 Wh,-2.42 kWh,-397 Wh,-3.47 kWh,5.14 kWh
2026-03-10 02:40:00,-532 Wh,0 Wh,-2.42 kWh,-397 Wh,-3.48 kWh,5.14 kWh
2026-03-10 02:50:00,-533 Wh,0 Wh,-2.42 kWh,-398 Wh,-3.50 kWh,5.14 kWh
2026-03-10 03:00:00,-535 Wh,0 Wh,-2.43 kWh,-399 Wh,-3.51 kWh,5.14 kWh
2026-03-10 03:10:00,-536 Wh,0 Wh,-2.43 kWh,-399 Wh,-3.52 kWh,5.14 kWh
2026-03-10 03:20:00,-537 Wh,0 Wh,-2.44 kWh,-400 Wh,-3.53 kWh,5.15 kWh
2026-03-10 03:30:00,-538 Wh,0 Wh,-2.44 kWh,-401 Wh,-3.54 kWh,5.15 kWh
2026-03-10 03:40:00,-539 Wh,0 Wh,-2.45 kWh,-402 Wh,-3.55 kWh,5.15 kWh
2026-03-10 03:50:00,-540 Wh,0 Wh,-2.45 kWh,-402 Wh,-3.56 kWh,5.15 kWh
2026-03-10 04:00:00,-541 Wh,0 Wh,-2.46 kWh,-403 Wh,-3.57 kWh,5.15 kWh
2026-03-10 04:10:00,-542 Wh,0 Wh,-2.46 kWh,-404 Wh,-3.58 kWh,5.15 kWh
2026-03-10 04:20:00,-543 Wh,0 Wh,-2.47 kWh,-404 Wh,-3.59 kWh,5.16 kWh
2026-03-10 04:30:00,-544 Wh,0 Wh,-2.47 kWh,-405 Wh,-3.60 kWh,5.16 kWh
2026-03-10 04:40:00,-545 Wh,0 Wh,-2.47 kWh,-406 Wh,-3.61 kWh,5.16 kWh
2026-03-10 04:50:00,-547 Wh,0 Wh,-2.48 kWh,-407 Wh,-3.61 kWh,5.16 kWh
2026-03-10 05:00:00,-548 Wh,0 Wh,-2.48 kWh,-407 Wh,-3.62 kWh,5.16 kWh
2026-03-10 05:10:00,-549 Wh,0 Wh,-2.49 kWh,-408 Wh,-3.63 kWh,5.17 kWh
2026-03-10 05:20:00,-550 Wh,0 Wh,-2.49 kWh,-409 Wh,-3.64 kWh,5.17 kWh
2026-03-10 05:30:00,-550 Wh,0 Wh,-2.49 kWh,-409 Wh,-3.65 kWh,5.17 kWh
2026-03-10 05:40:00,-551 Wh,0 Wh,-2.50 kWh,-410 Wh,-3.66 kWh,5.17 kWh
2026-03-10 05:50:00,-552 Wh,0 Wh,-2.50 kWh,-411 Wh,-3.67 kWh,5.17 kWh
2026-03-10 06:00:00,-554 Wh,0 Wh,-2.51 kWh,-411 Wh,-3.68 kWh,5.18 kWh
2026-03-10 06:10:00,-555 Wh,0 Wh,-2.51 kWh,-412 Wh,-3.69 kWh,5.18 kWh
2026-03-10 06:20:00,-556 Wh,0 Wh,-2.52 kWh,-413 Wh,-3.70 kWh,5.18 kWh
2026-03-10 06:30:00,-556 Wh,0 Wh,-2.52 kWh,-414 Wh,-3.71 kWh,5.18 kWh
2026-03-10 06:40:00,-557 Wh,0 Wh,-2.52 kWh,-414 Wh,-3.72 kWh,5.18 kWh
2026-03-10 06:50:00,-558 Wh,0 Wh,-2.53 kWh,-415 Wh,-3.73 kWh,5.19 kWh
2026-03-10 07:00:00,-559 Wh,0 Wh,-2.53 kWh,-416 Wh,-3.73 kWh,5.19 kWh
2026-03-10 07:10:00,-560 Wh,0 Wh,-2.53 kWh,-416 Wh,-3.74 kWh,5.19 kWh
2026-03-10 07:20:00,-561 Wh,0 Wh,-2.54 kWh,-417 Wh,-3.75 kWh,5.19 kWh
2026-03-10 07:30:00,-562 Wh,0 Wh,-2.54 kWh,-418 Wh,-3.76 kWh,5.19 kWh
2026-03-10 07:40:00,-563 Wh,0 Wh,-2.55 kWh,-419 Wh,-3.76 kWh,5.20 kWh
2026-03-10 07:50:00,-564 Wh,0 Wh,-2.55 kWh,-419 Wh,-3.77 kWh,5.20 kWh
2026-03-10 08:00:00,-565 Wh,0 Wh,-2.55 kWh,-420 Wh,-3.78 kWh,5.20 kWh
2026-03-10 08:10:00,-566 Wh,0 Wh,-2.56 kWh,-421 Wh,-3.79 kWh,5.21 kWh
2026-03-10 08:20:00,-567 Wh,0 Wh,-2.56 kWh,-421 Wh,-3.79 kWh,5.21 kWh
2026-03-10 08:30:00,-568 Wh,0 Wh,-2.57 kWh,-422 Wh,-3.80 kWh,5.22 kWh
2026-03-10 08:40:00,-569 Wh,0 Wh,-2.57 kWh,-423 Wh,-3.80 kWh,5.23 kWh
2026-03-10 08:50:00,-570 Wh,0 Wh,-2.58 kWh,-424 Wh,-3.81 kWh,5.24 kWh
2026-03-10 09:00:00,-571 Wh,0 Wh,-2.58 kWh,-424 Wh,-3.82 kWh,5.24 kWh
2026-03-10 09:10:00,-572 Wh,0 Wh,-2.59 kWh,-425 Wh,-3.83 kWh,5.26 kWh
2026-03-10 09:20:00,-573 Wh,0 Wh,-2.59 kWh,-426 Wh,-3.84 kWh,5.27 kWh
2026-03-10 09:30:00,-575 Wh,0 Wh,-2.59 kWh,-426 Wh,-3.85 kWh,5.29 kWh
2026-03-10 09:40:00,-576 Wh,0 Wh,-2.60 kWh,-427 Wh,-3.86 kWh,5.30 kWh
2026-03-10 09:50:00,-577 Wh,0 Wh,-2.60 kWh,-428 Wh,-3.87 kWh,5.31 kWh
2026-03-10 10:00:00,-577 Wh,0 Wh,-2.61 kWh,-429 Wh,-3.89 kWh,5.33 kWh
2026-03-10 10:10:00,-578 Wh,0 Wh,-2.61 kWh,-429 Wh,-3.90 kWh,5.36 kWh
2026-03-10 10:20:00,-580 Wh,0 Wh,-2.62 kWh,-430 Wh,-3.91 kWh,5.38 kWh
2026-03-10 10:30:00,-582 Wh,0 Wh,-2.62 kWh,-431 Wh,-3.92 kWh,5.41 kWh
2026-03-10 10:40:00,-583 Wh,0 Wh,-2.62 kWh,-431 Wh,-3.93 kWh,5.43 kWh
2026-03-10 10:50:00,-584 Wh,0 Wh,-2.62 kWh,-432 Wh,-3.95 kWh,5.45 kWh
2026-03-10 11:00:00,-585 Wh,0 Wh,-2.63 kWh,-433 Wh,-3.96 kWh,5.48 kWh
2026-03-10 11:10:00,-586 Wh,0 Wh,-2.63 kWh,-433 Wh,-3.97 kWh,5.50 kWh
2026-03-10 11:20:00,-587 Wh,0 Wh,-2.64 kWh,-434 Wh,-3.98 kWh,5.52 kWh
2026-03-10 11:30:00,-588 Wh,0 Wh,-2.64 kWh,-435 Wh,-4.00 kWh,5.54 kWh
2026-03-10 11:40:00,-589 Wh,0 Wh,-2.65 kWh,-436 Wh,-4.01 kWh,5.57 kWh
2026-03-10 11:50:00,-590 Wh,0 Wh,-2.65 kWh,-436 Wh,-4.02 kWh,5.60 kWh
2026-03-10 12:00:00,-591 Wh,0 Wh,-2.65 kWh,-437 Wh,-4.03 kWh,5.63 kWh
2026-03-10 12:10:00,-592 Wh,0 Wh,-2.66 kWh,-438 Wh,-4.04 kWh,5.65 kWh
2026-03-10 12:20:00,-593 Wh,0 Wh,-2.66 kWh,-438 Wh,-4.05 kWh,5.68 kWh
2026-03-10 12:30:00,-594 Wh,0 Wh,-2.66 kWh,-439 Wh,-4.06 kWh,5.71 kWh
2026-03-10 12:40:00,-595 Wh,0 Wh,-2.67 kWh,-440 Wh,-4.07 kWh,5.74 kWh
2026-03-10 12:50:00,-596 Wh,0 Wh,-2.67 kWh,-441 Wh,-4.08 kWh,5.77 kWh
2026-03-10 13:00:00,-597 Wh,0 Wh,-2.68 kWh,-441 Wh,-4.08 kWh,5.80 kWh
2026-03-10 13:10:00,-598 Wh,0 Wh,-2.68 kWh,-442 Wh,-4.10 kWh,5.83 kWh
2026-03-10 13:20:00,-599 Wh,0 Wh,-2.68 kWh,-443 Wh,-4.11 kWh,5.86 kWh
2026-03-10 13:30:00,-600 Wh,0 Wh,-2.68 kWh,-443 Wh,-4.13 kWh,5.89 kWh
2026-03-10 13:40:00,-601 Wh,0 Wh,-2.68 kWh,-444 Wh,-4.14 kWh,5.92 kWh
2026-03-10 13:50:00,-602 Wh,0 Wh,-2.69 kWh,-445 Wh,-4.16 kWh,5.95 kWh
2026-03-10 14:00:00,-603 Wh,0 Wh,-2.69 kWh,-446 Wh,-4.17 kWh,5.98 kWh
2026-03-10 14:10:00,-604 Wh,0 Wh,-2.69 kWh,-446 Wh,-4.18 kWh,6.01 kWh
2026-03-10 14:20:00,-605 Wh,0 Wh,-2.70 kWh,-447 Wh,-4.20 kWh,6.04 kWh
2026-03-10 14:30:00,-606 Wh,0 Wh,-2.70 kWh,-448 Wh,-4.21 kWh,6.06 kWh
2026-03-10 14:40:00,-608 Wh,0 Wh,-2.70 kWh,-448 Wh,-4.22 kWh,6.09 kWh
2026-03-10 14:50:00,-609 Wh,0 Wh,-2.70 kWh,-449 Wh,-4.24 kWh,6.12 kWh
2026-03-10 15:00:00,-609 Wh,0 Wh,-2.71 kWh,-450 Wh,-4.24 kWh,6.15 kWh
2026-03-10 15:10:00,-610 Wh,0 Wh,-2.71 kWh,-451 Wh,-4.24 kWh,6.17 kWh
2026-03-10 15:20:00,-611 Wh,0 Wh,-2.72 kWh,-451 Wh,-4.24 kWh,6.19 kWh
2026-03-10 15:30:00,-612 Wh,0 Wh,-2.72 kWh,-452 Wh,-4.24 kWh,6.21 kWh
2026-03-10 15:40:00,-612 Wh,0 Wh,-2.73 kWh,-453 Wh,-4.24 kWh,6.23 kWh
2026-03-10 15:50:00,-613 Wh,0 Wh,-2.73 kWh,-453 Wh,-4.24 kWh,6.25 kWh
2026-03-10 16:00:00,-614 Wh,0 Wh,-2.73 kWh,-454 Wh,-4.24 kWh,6.26 kWh
2026-03-10 16:10:00,-614 Wh,0 Wh,-2.73 kWh,-455 Wh,-4.25 kWh,6.28 kWh
2026-03-10 16:20:00,-615 Wh,0 Wh,-2.73 kWh,-456 Wh,-4.26 kWh,6.30 kWh
2026-03-10 16:30:00,-616 Wh,0 Wh,-2.74 kWh,-456 Wh,-4.26 kWh,6.32 kWh
2026-03-10 16:40:00,-617 Wh,0 Wh,-2.74 kWh,-457 Wh,-4.27 kWh,6.34 kWh
2026-03-10 16:50:00,-619 Wh,0 Wh,-2.75 kWh,-458 Wh,-4.28 kWh,6.36 kWh
2026-03-10 17:00:00,-620 Wh,0 Wh,-2.75 kWh,-458 Wh,-4.29 kWh,6.37 kWh
2026-03-10 17:10:00,-621 Wh,0 Wh,-2.76 kWh,-459 Wh,-4.30 kWh,6.39 kWh
2026-03-10 17:20:00,-622 Wh,0 Wh,-2.76 kWh,-460 Wh,-4.31 kWh,6.40 kWh
2026-03-10 17:30:00,-623 Wh,0 Wh,-2.77 kWh,-461 Wh,-4.32 kWh,6.41 kWh
2026-03-10 17:40:00,-624 Wh,0 Wh,-2.77 kWh,-461 Wh,-4.33 kWh,6.42 kWh
2026-03-10 17:50:00,-625 Wh,0 Wh,-2.77 kWh,-462 Wh,-4.34 kWh,6.43 kWh
2026-03-10 18:00:00,-626 Wh,0 Wh,-2.78 kWh,-463 Wh,-4.34 kWh,6.44 kWh
2026-03-10 18:10:00,-627 Wh,0 Wh,-2.78 kWh,-463 Wh,-4.35 kWh,6.45 kWh
2026-03-10 18:20:00,-628 Wh,0 Wh,-2.79 kWh,-464 Wh,-4.36 kWh,6.46 kWh
2026-03-10 18:30:00,-629 Wh,0 Wh,-2.79 kWh,-465 Wh,-4.36 kWh,6.46 kWh
2026-03-10 18:40:00,-630 Wh,0 Wh,-2.80 kWh,-466 Wh,-4.37 kWh,6.47 kWh
2026-03-10 18:50:00,-631 Wh,0 Wh,-2.80 kWh,-466 Wh,-4.38 kWh,6.47 kWh
2026-03-10 19:00:00,-633 Wh,0 Wh,-2.81 kWh,-467 Wh,-4.38 kWh,6.47 kWh
2026-03-10 19:10:00,-634 Wh,0 Wh,-2.81 kWh,-468 Wh,-4.39 kWh,6.47 kWh
2026-03-10 19:20:00,-635 Wh,0 Wh,-2.82 kWh,-469 Wh,-4.40 kWh,6.47 kWh
2026-03-10 19:30:00,-636 Wh,0 Wh,-2.82 kWh,-469 Wh,-4.40 kWh,6.48 kWh
2026-03-10 19:40:00,-637 Wh,0 Wh,-2.82 kWh,-470 Wh,-4.41 kWh,6.48 kWh
2026-03-10 19:50:00,-638 Wh,0 Wh,-2.83 kWh,-471 Wh,-4.42 kWh,6.48 kWh
2026-03-10 20:00:00,-639 Wh,0 Wh,-2.83 kWh,-471 Wh,-4.43 kWh,6.48 kWh
2026-03-10 20:10:00,-640 Wh,0 Wh,-2.84 kWh,-472 Wh,-4.43 kWh,6.48 kWh
2026-03-10 20:20:00,-641 Wh,0 Wh,-2.84 kWh,-473 Wh,-4.44 kWh,6.49 kWh
2026-03-10 20:30:00,-642 Wh,0 Wh,-2.85 kWh,-474 Wh,-4.46 kWh,6.49 kWh
2026-03-10 20:40:00,-643 Wh,0 Wh,-2.85 kWh,-474 Wh,-4.47 kWh,6.49 kWh
2026-03-10 20:50:00,-644 Wh,0 Wh,-2.86 kWh,-475 Wh,-4.49 kWh,6.49 kWh
2026-03-10 21:00:00,-645 Wh,0 Wh,-2.86 kWh,-476 Wh,-4.50 kWh,6.49 kWh
2026-03-10 21:10:00,-646 Wh,0 Wh,-2.87 kWh,-476 Wh,-4.50 kWh,6.50 kWh
2026-03-10 21:20:00,-647 Wh,0 Wh,-2.87 kWh,-477 Wh,-4.50 kWh,6.50 kWh
2026-03-10 21:30:00,-647 Wh,0 Wh,-2.87 kWh,-478 Wh,-4.50 kWh,6.50 kWh
2026-03-10 21:40:00,-648 Wh,0 Wh,-2.88 kWh,-479 Wh,-4.50 kWh,6.50 kWh
2026-03-10 21:50:00,-649 Wh,0 Wh,-2.88 kWh,-479 Wh,-4.50 kWh,6.50 kWh
2026-03-10 22:00:00,-649 Wh,0 Wh,-2.89 kWh,-480 Wh,-4.50 kWh,6.51 kWh
2026-03-10 22:10:00,-650 Wh,0 Wh,-2.89 kWh,-481 Wh,-4.50 kWh,6.51 kWh
2026-03-10 22:20:00,-651 Wh,0 Wh,-2.89 kWh,-481 Wh,-4.50 kWh,6.51 kWh
2026-03-10 22:30:00,-652 Wh,0 Wh,-2.90 kWh,-482 Wh,-4.50 kWh,6.51 kWh
2026-03-10 22:40:00,-652 Wh,0 Wh,-2.90 kWh,-483 Wh,-4.50 kWh,6.51 kWh
2026-03-10 22:50:00,-653 Wh,0 Wh,-2.91 kWh,-483 Wh,-4.50 kWh,6.51 kWh
2026-03-10 23:00:00,-654 Wh,0 Wh,-2.91 kWh,-484 Wh,-4.50 kWh,6.52 kWh
2026-03-10 23:10:00,-654 Wh,0 Wh,-2.92 kWh,-485 Wh,-4.50 kWh,6.52 kWh
2026-03-10 23:20:00,-655 Wh,0 Wh,-2.92 kWh,-486 Wh,-4.50 kWh,6.52 kWh
2026-03-10 23:30:00,-656 Wh,0 Wh,-2.92 kWh,-486 Wh,-4.50 kWh,6.52 kWh
2026-03-10 23:40:00,-656 Wh,0 Wh,-2.93 kWh,-487 Wh,-4.50 kWh,6.52 kWh
2026-03-10 23:50:00,-657 Wh,0 Wh,-2.93 kWh,-488 Wh,-4.50 kWh,6.53 kWh
2026-03-11 00:00:00,-658 Wh,0 Wh,-2.93 kWh,-488 Wh,-4.51 kWh,6.53 kWh
2026-03-11 00:10:00,-659 Wh,0 Wh,-2.94 kWh,-489 Wh,-4.51 kWh,6.53 kWh
2026-03-11 00:20:00,-660 Wh,0 Wh,-2.94 kWh,-490 Wh,-4.52 kWh,6.53 kWh
2026-03-11 00:30:00,-662 Wh,0 Wh,-2.95 kWh,-491 Wh,-4.53 kWh,6.53 kWh
2026-03-11 00:40:00,-663 Wh,0 Wh,-2.95 kWh,-491 Wh,-4.53 kWh,6.54 kWh
2026-03-11 00:50:00,-664 Wh,0 Wh,-2.96 kWh,-492 Wh,-4.54 kWh,6.54 kWh
2026-03-11 01:00:00,-665 Wh,0 Wh,-2.96 kWh,-493 Wh,-4.55 kWh,6.54 kWh
2026-03-11 01:10:00,-666 Wh,0 Wh,-2.97 kWh,-493 Wh,-4.55 kWh,6.54 kWh
2026-03-11 01:20:00,-667 Wh,0 Wh,-2.97 kWh,-494 Wh,-4.56 kWh,6.54 kWh
2026-03-11 01:30:00,-668 Wh,0 Wh,-2.98 kWh,-495 Wh,-4.57 kWh,6.55 kWh
2026-03-11 01:40:00,-669 Wh,0 Wh,-2.98 kWh,-496 Wh,-4.58 kWh,6.55 kWh
2026-03-11 01:50:00,-670 Wh,0 Wh,-2.99 kWh,-496 Wh,-4.58 kWh,6.55 kWh
2026-03-11 02:00:00,-671 Wh,0 Wh,-2.99 kWh,-497 Wh,-4.60 kWh,6.55 kWh
2026-03-11 02:10:00,-672 Wh,0 Wh,-2.99 kWh,-498 Wh,-4.61 kWh,6.55 kWh
2026-03-11 02:20:00,-673 Wh,0 Wh,-3.00 kWh,-498 Wh,-4.62 kWh,6.55 kWh
2026-03-11 02:30:00,-674 Wh,0 Wh,-3.00 kWh,-499 Wh,-4.63 kWh,6.56 kWh
2026-03-11 02:40:00,-675 Wh,0 Wh,-3.01 kWh,-500 Wh,-4.64 kWh,6.56 kWh
2026-03-11 02:50:00,-677 Wh,0 Wh,-3.01 kWh,-501 Wh,-4.65 kWh,6.56 kWh
2026-03-11 03:00:00,-678 Wh,0 Wh,-3.02 kWh,-501 Wh,-4.66 kWh,6.56 kWh
2026-03-11 03:10:00,-679 Wh,0 Wh,-3.02 kWh,-502 Wh,-4.67 kWh,6.56 kWh
2026-03-11 03:20:00,-680 Wh,0 Wh,-3.03 kWh,-503 Wh,-4.68 kWh,6.57 kWh
2026-03-11 03:30:00,-681 Wh,0 Wh,-3.03 kWh,-503 Wh,-4.69 kWh,6.57 kWh
2026-03-11 03:40:00,-682 Wh,0 Wh,-3.04 kWh,-504 Wh,-4.70 kWh,6.57 kWh
2026-03-11 03:50:00,-683 Wh,0 Wh,-3.04 kWh,-505 Wh,-4.71 kWh,6.57 kWh
2026-03-11 04:00:00,-684 Wh,0 Wh,-3.05 kWh,-506 Wh,-4.72 kWh,6.57 kWh
2026-03-11 04:10:00,-685 Wh,0 Wh,-3.05 kWh,-506 Wh,-4.73 kWh,6.58 kWh
2026-03-11 04:20:00,-686 Wh,0 Wh,-3.06 kWh,-507 Wh,-4.74 kWh,6.58 kWh
2026-03-11 04:30:00,-687 Wh,0 Wh,-3.06 kWh,-508 Wh,-4.74 kWh,6.58 kWh
2026-03-11 04:40:00,-688 Wh,0 Wh,-3.07 kWh,-508 Wh,-4.75 kWh,6.58 kWh
2026-03-11 04:50:00,-689 Wh,0 Wh,-3.07 kWh,-509 Wh,-4.76 kWh,6.58 kWh
2026-03-11 05:00:00,-690 Wh,0 Wh,-3.07 kWh,-510 Wh,-4.77 kWh,6.58 kWh
2026-03-11 05:10:00,-691 Wh,0 Wh,-3.08 kWh,-511 Wh,-4.78 kWh,6.59 kWh
2026-03-11 05:20:00,-693 Wh,0 Wh,-3.08 kWh,-511 Wh,-4.78 kWh,6.59 kWh
2026-03-11 05:30:00,-694 Wh,0 Wh,-3.09 kWh,-512 Wh,-4.79 kWh,6.59 kWh
2026-03-11 05:40:00,-695 Wh,0 Wh,-3.09 kWh,-513 Wh,-4.80 kWh,6.59 kWh
2026-03-11 05:50:00,-696 Wh,0 Wh,-3.10 kWh,-513 Wh,-4.80 kWh,6.59 kWh
2026-03-11 06:00:00,-697 Wh,0 Wh,-3.10 kWh,-514 Wh,-4.81 kWh,6.60 kWh
2026-03-11 06:10:00,-698 Wh,0 Wh,-3.11 kWh,-515 Wh,-4.82 kWh,6.60 kWh
2026-03-11 06:20:00,-699 Wh,0 Wh,-3.11 kWh,-516 Wh,-4.82 kWh,6.60 kWh
2026-03-11 06:30:00,-700 Wh,0 Wh,-3.11 kWh,-516 Wh,-4.83 kWh,6.60 kWh
2026-03-11 06:40:00,-701 Wh,0 Wh,-3.11 kWh,-517 Wh,-4.84 kWh,6.60 kWh
2026-03-11 06:50:00,-702 Wh,0 Wh,-3.12 kWh,-518 Wh,-4.84 kWh,6.61 kWh
2026-03-11 07:00:00,-703 Wh,0 Wh,-3.12 kWh,-518 Wh,-4.85 kWh,6.61 kWh
2026-03-11 07:10:00,-704 Wh,0 Wh,-3.13 kWh,-519 Wh,-4.86 kWh,6.61 kWh
2026-03-11 07:20:00,-705 Wh,0 Wh,-3.13 kWh,-520 Wh,-4.86 kWh,6.61 kWh
2026-03-11 07:30:00,-706 Wh,0 Wh,-3.14 kWh,-521 Wh,-4.87 kWh,6.61 kWh
2026-03-11 07:40:00,-707 Wh,0 Wh,-3.14 kWh,-521 Wh,-4.88 kWh,6.62 kWh
2026-03-11 07:50:00,-709 Wh,0 Wh,-3.14 kWh,-522 Wh,-4.88 kWh,6.62 kWh
2026-03-11 08:00:00,-710 Wh,0 Wh,-3.15 kWh,-523 Wh,-4.89 kWh,6.62 kWh
2026-03-11 08:10:00,-711 Wh,0 Wh,-3.15 kWh,-523 Wh,-4.90 kWh,6.63 kWh
2026-03-11 08:20:00,-712 Wh,0 Wh,-3.16 kWh,-524 Wh,-4.90 kWh,6.64 kWh
2026-03-11 08:30:00,-713 Wh,0 Wh,-3.16 kWh,-525 Wh,-4.91 kWh,6.64 kWh
2026-03-11 08:40:00,-714 Wh,0 Wh,-3.17 kWh,-526 Wh,-4.92 kWh,6.65 kWh
2026-03-11 08:50:00,-715 Wh,0 Wh,-3.17 kWh,-526 Wh,-4.92 kWh,6.66 kWh
2026-03-11 09:00:00,-716 Wh,0 Wh,-3.18 kWh,-527 Wh,-4.93 kWh,6.67 kWh
2026-03-11 09:10:00,-717 Wh,0 Wh,-3.18 kWh,-528 Wh,-4.93 kWh,6.69 kWh
2026-03-11 09:20:00,-718 Wh,0 Wh,-3.18 kWh,-528 Wh,-4.94 kWh,6.70 kWh
2026-03-11 09:30:00,-718 Wh,0 Wh,-3.18 kWh,-529 Wh,-4.94 kWh,6.72 kWh
2026-03-11 09:40:00,-721 Wh,0 Wh,-3.18 kWh,-530 Wh,-4.95 kWh,6.73 kWh
2026-03-11 09:50:00,-722 Wh,0 Wh,-3.18 kWh,-531 Wh,-4.95 kWh,6.75 kWh
2026-03-11 10:00:00,-723 Wh,0 Wh,-3.18 kWh,-531 Wh,-4.96 kWh,6.77 kWh
2026-03-11 10:10:00,-724 Wh,0 Wh,-3.18 kWh,-532 Wh,-4.96 kWh,6.79 kWh
2026-03-11 10:20:00,-725 Wh,0 Wh,-3.18 kWh,-533 Wh,-4.97 kWh,6.82 kWh
2026-03-11 10:30:00,-725 Wh,0 Wh,-3.18 kWh,-534 Wh,-4.97 kWh,6.84 kWh
2026-03-11 10:40:00,-726 Wh,0 Wh,-3.19 kWh,-534 Wh,-4.98 kWh,6.87 kWh
2026-03-11 10:50:00,-728 Wh,0 Wh,-3.19 kWh,-535 Wh,-4.98 kWh,6.89 kWh
2026-03-11 11:00:00,-729 Wh,0 Wh,-3.20 kWh,-536 Wh,-4.99 kWh,6.92 kWh
2026-03-11 11:10:00,-730 Wh,0 Wh,-3.20 kWh,-536 Wh,-4.99 kWh,6.94 kWh
2026-03-11 11:20:00,-731 Wh,0 Wh,-3.21 kWh,-537 Wh,-5.00 kWh,6.97 kWh
2026-03-11 11:30:00,-732 Wh,0 Wh,-3.21 kWh,-538 Wh,-5.00 kWh,7.01 kWh
2026-03-11 11:40:00,-733 Wh,0 Wh,-3.22 kWh,-539 Wh,-5.01 kWh,7.03 kWh
2026-03-11 11:50:00,-734 Wh,0 Wh,-3.22 kWh,-539 Wh,-5.02 kWh,7.06 kWh
2026-03-11 12:00:00,-736 Wh,0 Wh,-3.22 kWh,-540 Wh,-5.03 kWh,7.09 kWh
2026-03-11 12:10:00,-737 Wh,0 Wh,-3.23 kWh,-541 Wh,-5.03 kWh,7.12 kWh
2026-03-11 12:20:00,-738 Wh,0 Wh,-3.23 kWh,-541 Wh,-5.04 kWh,7.15 kWh
2026-03-11 12:30:00,-739 Wh,0 Wh,-3.24 kWh,-542 Wh,-5.05 kWh,7.18 kWh
2026-03-11 12:40:00,-740 Wh,0 Wh,-3.24 kWh,-543 Wh,-5.05 kWh,7.21 kWh
2026-03-11 12:50:00,-741 Wh,0 Wh,-3.25 kWh,-544 Wh,-5.06 kWh,7.24 kWh
2026-03-11 13:00:00,-742 Wh,0 Wh,-3.25 kWh,-544 Wh,-5.07 kWh,7.27 kWh
2026-03-11 13:10:00,-743 Wh,0 Wh,-3.25 kWh,-545 Wh,-5.07 kWh,7.30 kWh
2026-03-11 13:20:00,-744 Wh,0 Wh,-3.26 kWh,-546 Wh,-5.08 kWh,7.33 kWh
2026-03-11 13:30:00,-745 Wh,0 Wh,-3.26 kWh,-547 Wh,-5.09 kWh,7.36 kWh
2026-03-11 13:40:00,-746 Wh,0 Wh,-3.27 kWh,-547 Wh,-5.10 kWh,7.39 kWh
2026-03-11 13:50:00,-747 Wh,0 Wh,-3.27 kWh,-548 Wh,-5.10 kWh,7.42 kWh
2026-03-11 14:00:00,-749 Wh,0 Wh,-3.28 kWh,-549 Wh,-5.11 kWh,7.45 kWh
2026-03-11 14:10:00,-750 Wh,0 Wh,-3.28 kWh,-549 Wh,-5.12 kWh,7.48 kWh
2026-03-11 14:20:00,-751 Wh,0 Wh,-3.29 kWh,-550 Wh,-5.12 kWh,7.51 kWh
2026-03-11 14:30:00,-752 Wh,0 Wh,-3.29 kWh,-551 Wh,-5.13 kWh,7.54 kWh
2026-03-11 14:40:00,-753 Wh,0 Wh,-3.29 kWh,-552 Wh,-5.14 kWh,7.57 kWh
2026-03-11 14:50:00,-754 Wh,0 Wh,-3.30 kWh,-552 Wh,-5.15 kWh,7.60 kWh
2026-03-11 15:00:00,-755 Wh,0 Wh,-3.30 kWh,-553 Wh,-5.15 kWh,7.63 kWh
2026-03-11 15:10:00,-756 Wh,0 Wh,-3.31 kWh,-554 Wh,-5.16 kWh,7.66 kWh
2026-03-11 15:20:00,-757 Wh,0 Wh,-3.31 kWh,-555 Wh,-5.17 kWh,7.69 kWh
2026-03-11 15:30:00,-758 Wh,0 Wh,-3.32 kWh,-555 Wh,-5.18 kWh,7.72 kWh
2026-03-11 15:40:00,-760 Wh,0 Wh,-3.32 kWh,-556 Wh,-5.18 kWh,7.75 kWh
2026-03-11 15:50:00,-761 Wh,0 Wh,-3.32 kWh,-557 Wh,-5.19 kWh,7.78 kWh
2026-03-11 16:00:00,-762 Wh,0 Wh,-3.33 kWh,-557 Wh,-5.20 kWh,7.80 kWh
2026-03-11 16:10:00,-763 Wh,0 Wh,-3.33 kWh,-558 Wh,-5.20 kWh,7.83 kWh
2026-03-11 16:20:00,-764 Wh,0 Wh,-3.34 kWh,-559 Wh,-5.21 kWh,7.85 kWh
2026-03-11 16:30:00,-765 Wh,0 Wh,-3.34 kWh,-560 Wh,-5.22 kWh,7.87 kWh
2026-03-11 16:40:00,-766 Wh,0 Wh,-3.35 kWh,-560 Wh,-5.23 kWh,7.89 kWh
2026-03-11 16:50:00,-767 Wh,0 Wh,-3.35 kWh,-561 Wh,-5.23 kWh,7.91 kWh
2026-03-11 17:00:00,-768 Wh,0 Wh,-3.35 kWh,-562 Wh,-5.24 kWh,7.93 kWh
2026-03-11 17:10:00,-769 Wh,0 Wh,-3.36 kWh,-562 Wh,-5.25 kWh,7.94 kWh
2026-03-11 17:20:00,-770 Wh,0 Wh,-3.36 kWh,-563 Wh,-5.25 kWh,7.96 kWh
2026-03-11 17:30:00,-771 Wh,0 Wh,-3.37 kWh,-564 Wh,-5.26 kWh,7.97 kWh
2026-03-11 17:40:00,-772 Wh,0 Wh,-3.37 kWh,-565 Wh,-5.27 kWh,7.98 kWh
2026-03-11 17:50:00,-774 Wh,0 Wh,-3.38 kWh,-565 Wh,-5.28 kWh,7.99 kWh
2026-03-11 18:00:00,-775 Wh,0 Wh,-3.38 kWh,-566 Wh,-5.29 kWh,8.00 kWh
2026-03-11 18:10:00,-776 Wh,0 Wh,-3.39 kWh,-567 Wh,-5.29 kWh,8.01 kWh
2026-03-11 18:20:00,-777 Wh,0 Wh,-3.39 kWh,-568 Wh,-5.30 kWh,8.01 kWh
2026-03-11 18:30:00,-778 Wh,0 Wh,-3.39 kWh,-568 Wh,-5.31 kWh,8.02 kWh
2026-03-11 18:40:00,-779 Wh,0 Wh,-3.40 kWh,-569 Wh,-5.32 kWh,8.02 kWh
2026-03-11 18:50:00,-780 Wh,0 Wh,-3.40 kWh,-570 Wh,-5.33 kWh,8.02 kWh
2026-03-11 19:00:00,-781 Wh,0 Wh,-3.41 kWh,-570 Wh,-5.34 kWh,8.03 kWh
2026-03-11 19:10:00,-782 Wh,0 Wh,-3.41 kWh,-571 Wh,-5.35 kWh,8.03 kWh
2026-03-11 19:20:00,-784 Wh,0 Wh,-3.42 kWh,-572 Wh,-5.36 kWh,8.03 kWh
2026-03-11 19:30:00,-785 Wh,0 Wh,-3.42 kWh,-573 Wh,-5.37 kWh,8.03 kWh
2026-03-11 19:40:00,-786 Wh,0 Wh,-3.42 kWh,-573 Wh,-5.38 kWh,8.03 kWh
2026-03-11 19:50:00,-787 Wh,0 Wh,-3.43 kWh,-574 Wh,-5.39 kWh,8.04 kWh
2026-03-11 20:00:00,-788 Wh,0 Wh,-3.43 kWh,-575 Wh,-5.40 kWh,8.04 kWh
2026-03-11 20:10:00,-789 Wh,0 Wh,-3.44 kWh,-575 Wh,-5.41 kWh,8.04 kWh
2026-03-11 20:20:00,-790 Wh,0 Wh,-3.44 kWh,-576 Wh,-5.42 kWh,8.04 kWh
2026-03-11 20:30:00,-791 Wh,0 Wh,-3.45 kWh,-577 Wh,-5.42 kWh,8.04 kWh
2026-03-11 20:40:00,-792 Wh,0 Wh,-3.45 kWh,-578 Wh,-5.43 kWh,8.05 kWh
2026-03-11 20:50:00,-793 Wh,0 Wh,-3.46 kWh,-578 Wh,-5.44 kWh,8.05 kWh
2026-03-11 21:00:00,-795 Wh,0 Wh,-3.46 kWh,-579 Wh,-5.45 kWh,8.05 kWh
2026-03-11 21:10:00,-796 Wh,0 Wh,-3.47 kWh,-580 Wh,-5.46 kWh,8.05 kWh
2026-03-11 21:20:00,-798 Wh,0 Wh,-3.47 kWh,-580 Wh,-5.47 kWh,8.05 kWh
2026-03-11 21:30:00,-799 Wh,0 Wh,-3.47 kWh,-581 Wh,-5.48 kWh,8.05 kWh
2026-03-11 21:40:00,-800 Wh,0 Wh,-3.47 kWh,-582 Wh,-5.49 kWh,8.06 kWh
2026-03-11 21:50:00,-801 Wh,0 Wh,-3.48 kWh,-583 Wh,-5.50 kWh,8.06 kWh
2026-03-11 22:00:00,-802 Wh,0 Wh,-3.48 kWh,-583 Wh,-5.51 kWh,8.06 kWh
2026-03-11 22:10:00,-803 Wh,0 Wh,-3.49 kWh,-584 Wh,-5.52 kWh,8.06 kWh
2026-03-11 22:20:00,-804 Wh,0 Wh,-3.49 kWh,-585 Wh,-5.53 kWh,8.06 kWh
2026-03-11 22:30:00,-805 Wh,0 Wh,-3.50 kWh,-585 Wh,-5.54 kWh,8.07 kWh
2026-03-11 22:40:00,-807 Wh,0 Wh,-3.50 kWh,-586 Wh,-5.55 kWh,8.07 kWh
2026-03-11 22:50:00,-808 Wh,0 Wh,-3.51 kWh,-587 Wh,-5.56 kWh,8.07 kWh
2026-03-11 23:00:00,-809 Wh,0 Wh,-3.51 kWh,-588 Wh,-5.57 kWh,8.07 kWh
2026-03-11 23:10:00,-810 Wh,0 Wh,-3.51 kWh,-588 Wh,-5.58 kWh,8.07 kWh
2026-03-11 23:20:00,-811 Wh,0 Wh,-3.52 kWh,-589 Wh,-5.59 kWh,8.07 kWh
2026-03-11 23:30:00,-812 Wh,0 Wh,-3.52 kWh,-590 Wh,-5.60 kWh,8.08 kWh
2026-03-11 23:40:00,-813 Wh,0 Wh,-3.53 kWh,-590 Wh,-5.61 kWh,8.08 kWh
2026-03-11 23:50:00,-814 Wh,0 Wh,-3.53 kWh,-591 Wh,-5.62 kWh,8.08 kWh
2026-03-12 00:00:00,-815 Wh,0 Wh,-3.54 kWh,-592 Wh,-5.63 kWh,8.08 kWh
2026-03-12 00:10:00,-816 Wh,0 Wh,-3.54 kWh,-593 Wh,-5.64 kWh,8.08 kWh
2026-03-12 00:20:00,-817 Wh,0 Wh,-3.55 kWh,-593 Wh,-5.65 kWh,8.09 kWh
2026-03-12 00:30:00,-819 Wh,0 Wh,-3.55 kWh,-594 Wh,-5.66 kWh,8.09 kWh
2026-03-12 00:40:00,-820 Wh,0 Wh,-3.56 kWh,-595 Wh,-5.67 kWh,8.09 kWh
2026-03-12 00:50:00,-821 Wh,0 Wh,-3.56 kWh,-595 Wh,-5.68 kWh,8.09 kWh
2026-03-12 01:00:00,-822 Wh,0 Wh,-3.57 kWh,-596 Wh,-5.69 kWh,8.09 kWh
2026-03-12 01:10:00,-823 Wh,0 Wh,-3.57 kWh,-597 Wh,-5.70 kWh,8.10 kWh
2026-03-12 01:20:00,-824 Wh,0 Wh,-3.57 kWh,-598 Wh,-5.70 kWh,8.10 kWh
2026-03-12 01:30:00,-825 Wh,0 Wh,-3.58 kWh,-598 Wh,-5.71 kWh,8.10 kWh
2026-03-12 01:40:00,-826 Wh,0 Wh,-3.58 kWh,-599 Wh,-5.72 kWh,8.10 kWh
2026-03-12 01:50:00,-827 Wh,0 Wh,-3.59 kWh,-600 Wh,-5.72 kWh,8.10 kWh
2026-03-12 02:00:00,-828 Wh,0 Wh,-3.59 kWh,-600 Wh,-5.73 kWh,8.10 kWh
2026-03-12 02:10:00,-829 Wh,0 Wh,-3.60 kWh,-601 Wh,-5.73 kWh,8.11 kWh
2026-03-12 02:20:00,-830 Wh,0 Wh,-3.60 kWh,-602 Wh,-5.73 kWh,8.11 kWh
2026-03-12 02:30:00,-831 Wh,0 Wh,-3.61 kWh,-603 Wh,-5.73 kWh,8.11 kWh
2026-03-12 02:40:00,-832 Wh,0 Wh,-3.61 kWh,-603 Wh,-5.73 kWh,8.11 kWh
2026-03-12 02:50:00,-832 Wh,0 Wh,-3.62 kWh,-604 Wh,-5.73 kWh,8.11 kWh
2026-03-12 03:00:00,-833 Wh,0 Wh,-3.62 kWh,-605 Wh,-5.73 kWh,8.12 kWh
2026-03-12 03:10:00,-834 Wh,0 Wh,-3.63 kWh,-605 Wh,-5.73 kWh,8.12 kWh
2026-03-12 03:20:00,-834 Wh,0 Wh,-3.63 kWh,-606 Wh,-5.73 kWh,8.12 kWh
2026-03-12 03:30:00,-835 Wh,0 Wh,-3.63 kWh,-607 Wh,-5.73 kWh,8.12 kWh
2026-03-12 03:40:00,-836 Wh,0 Wh,-3.64 kWh,-608 Wh,-5.73 kWh,8.12 kWh
2026-03-12 03:50:00,-836 Wh,0 Wh,-3.64 kWh,-608 Wh,-5.73 kWh,8.12 kWh
2026-03-12 04:00:00,-837 Wh,0 Wh,-3.65 kWh,-609 Wh,-5.74 kWh,8.13 kWh
2026-03-12 04:10:00,-838 Wh,0 Wh,-3.65 kWh,-610 Wh,-5.74 kWh,8.13 kWh
2026-03-12 04:20:00,-839 Wh,0 Wh,-3.66 kWh,-610 Wh,-5.75 kWh,8.13 kWh
2026-03-12 04:30:00,-840 Wh,0 Wh,-3.66 kWh,-611 Wh,-5.76 kWh,8.13 kWh
2026-03-12 04:40:00,-841 Wh,0 Wh,-3.67 kWh,-612 Wh,-5.76 kWh,8.13 kWh
2026-03-12 04:50:00,-843 Wh,0 Wh,-3.67 kWh,-613 Wh,-5.77 kWh,8.14 kWh
2026-03-12 05:00:00,-844 Wh,0 Wh,-3.68 kWh,-613 Wh,-5.78 kWh,8.14 kWh
2026-03-12 05:10:00,-845 Wh,0 Wh,-3.68 kWh,-614 Wh,-5.78 kWh,8.14 kWh
2026-03-12 05:20:00,-846 Wh,0 Wh,-3.68 kWh,-615 Wh,-5.79 kWh,8.14 kWh
2026-03-12 05:30:00,-847 Wh,0 Wh,-3.69 kWh,-615 Wh,-5.80 kWh,8.14 kWh
2026-03-12 05:40:00,-848 Wh,0 Wh,-3.69 kWh,-616 Wh,-5.80 kWh,8.14 kWh
2026-03-12 05:50:00,-849 Wh,0 Wh,-3.70 kWh,-617 Wh,-5.81 kWh,8.15 kWh
2026-03-12 06:00:00,-850 Wh,0 Wh,-3.70 kWh,-618 Wh,-5.82 kWh,8.15 kWh
2026-03-12 06:10:00,-851 Wh,0 Wh,-3.71 kWh,-618 Wh,-5.82 kWh,8.15 kWh
2026-03-12 06:20:00,-852 Wh,0 Wh,-3.71 kWh,-619 Wh,-5.83 kWh,8.15 kWh
2026-03-12 06:30:00,-854 Wh,0 Wh,-3.72 kWh,-620 Wh,-5.84 kWh,8.15 kWh
2026-03-12 06:40:00,-855 Wh,0 Wh,-3.72 kWh,-621 Wh,-5.84 kWh,8.16 kWh
2026-03-12 06:50:00,-856 Wh,0 Wh,-3.73 kWh,-621 Wh,-5.85 kWh,8.16 kWh
2026-03-12 07:00:00,-857 Wh,0 Wh,-3.73 kWh,-622 Wh,-5.86 kWh,8.16 kWh
2026-03-12 07:10:00,-857 Wh,0 Wh,-3.73 kWh,-623 Wh,-5.86 kWh,8.16 kWh
2026-03-12 07:20:00,-858 Wh,0 Wh,-3.74 kWh,-623 Wh,-5.86 kWh,8.16 kWh
2026-03-12 07:30:00,-859 Wh,0 Wh,-3.74 kWh,-624 Wh,-5.86 kWh,8.16 kWh
2026-03-12 07:40:00,-859 Wh,0 Wh,-3.75 kWh,-625 Wh,-5.86 kWh,8.17 kWh
2026-03-12 07:50:00,-860 Wh,0 Wh,-3.75 kWh,-626 Wh,-5.86 kWh,8.17 kWh
2026-03-12 08:00:00,-861 Wh,0 Wh,-3.76 kWh,-626 Wh,-5.86 kWh,8.17 kWh
2026-03-12 08:10:00,-862 Wh,0 Wh,-3.76 kWh,-627 Wh,-5.86 kWh,8.18 kWh
2026-03-12 08:20:00,-862 Wh,0 Wh,-3.77 kWh,-628 Wh,-5.86 kWh,8.19 kWh
2026-03-12 08:30:00,-863 Wh,0 Wh,-3.77 kWh,-628 Wh,-5.88 kWh,8.19 kWh
2026-03-12 08:40:00,-864 Wh,0 Wh,-3.77 kWh,-629 Wh,-5.93 kWh,8.20 kWh
2026-03-12 08:50:00,-865 Wh,0 Wh,-3.78 kWh,-630 Wh,-6.01 kWh,8.21 kWh
2026-03-12 09:00:00,-867 Wh,0 Wh,-3.78 kWh,-631 Wh,-6.10 kWh,8.23 kWh
2026-03-12 09:10:00,-868 Wh,0 Wh,-3.79 kWh,-631 Wh,-6.20 kWh,8.24 kWh
2026-03-12 09:20:00,-869 Wh,0 Wh,-3.79 kWh,-632 Wh,-6.29 kWh,8.25 kWh
2026-03-12 09:30:00,-870 Wh,0 Wh,-3.80 kWh,-633 Wh,-6.38 kWh,8.27 kWh
2026-03-12 09:40:00,-872 Wh,0 Wh,-3.80 kWh,-633 Wh,-6.46 kWh,8.29 kWh
2026-03-12 09:50:00,-873 Wh,0 Wh,-3.81 kWh,-634 Wh,-6.51 kWh,8.31 kWh
2026-03-12 10:00:00,-874 Wh,0 Wh,-3.81 kWh,-635 Wh,-6.57 kWh,8.33 kWh
2026-03-12 10:10:00,-875 Wh,0 Wh,-3.82 kWh,-636 Wh,-6.62 kWh,8.35 kWh
2026-03-12 10:20:00,-876 Wh,0 Wh,-3.82 kWh,-636 Wh,-6.68 kWh,8.38 kWh
2026-03-12 10:30:00,-877 Wh,0 Wh,-3.83 kWh,-637 Wh,-6.77 kWh,8.40 kWh
2026-03-12 10:40:00,-879 Wh,0 Wh,-3.83 kWh,-638 Wh,-6.88 kWh,8.43 kWh
2026-03-12 10:50:00,-880 Wh,0 Wh,-3.84 kWh,-638 Wh,-6.99 kWh,8.46 kWh
2026-03-12 11:00:00,-881 Wh,0 Wh,-3.84 kWh,-639 Wh,-7.10 kWh,8.49 kWh
2026-03-12 11:10:00,-882 Wh,0 Wh,-3.84 kWh,-640 Wh,-7.21 kWh,8.51 kWh
2026-03-12 11:20:00,-883 Wh,0 Wh,-3.85 kWh,-641 Wh,-7.33 kWh,8.55 kWh
2026-03-12 11:30:00,-884 Wh,0 Wh,-3.85 kWh,-641 Wh,-7.44 kWh,8.57 kWh
2026-03-12 11:40:00,-885 Wh,0 Wh,-3.85 kWh,-642 Wh,-7.56 kWh,8.60 kWh
2026-03-12 11:50:00,-886 Wh,0 Wh,-3.86 kWh,-643 Wh,-7.68 kWh,8.64 kWh
2026-03-12 12:00:00,-887 Wh,0 Wh,-3.86 kWh,-644 Wh,-7.79 kWh,8.67 kWh
2026-03-12 12:10:00,-888 Wh,0 Wh,-3.87 kWh,-644 Wh,-7.90 kWh,8.70 kWh
2026-03-12 12:20:00,-890 Wh,0 Wh,-3.87 kWh,-645 Wh,-8.02 kWh,8.73 kWh
2026-03-12 12:30:00,-891 Wh,0 Wh,-3.88 kWh,-646 Wh,-8.13 kWh,8.77 kWh
2026-03-12 12:40:00,-891 Wh,0 Wh,-3.88 kWh,-646 Wh,-8.13 kWh,8.80 kWh
2026-03-12 12:50:00,-892 Wh,0 Wh,-3.89 kWh,-647 Wh,-8.13 kWh,8.84 kWh
2026-03-12 13:00:00,-893 Wh,0 Wh,-3.89 kWh,-648 Wh,-8.13 kWh,8.87 kWh
2026-03-12 13:10:00,-894 Wh,0 Wh,-3.90 kWh,-649 Wh,-8.19 kWh,8.91 kWh
2026-03-12 13:20:00,-895 Wh,0 Wh,-3.90 kWh,-649 Wh,-8.33 kWh,8.94 kWh
2026-03-12 13:30:00,-896 Wh,0 Wh,-3.90 kWh,-650 Wh,-8.47 kWh,8.97 kWh
2026-03-12 13:40:00,-897 Wh,0 Wh,-3.91 kWh,-651 Wh,-8.61 kWh,9.00 kWh
2026-03-12 13:50:00,-898 Wh,0 Wh,-3.91 kWh,-651 Wh,-8.75 kWh,9.03 kWh
2026-03-12 14:00:00,-900 Wh,0 Wh,-3.92 kWh,-652 Wh,-8.89 kWh,9.06 kWh
2026-03-12 14:10:00,-901 Wh,0 Wh,-3.92 kWh,-653 Wh,-9.02 kWh,9.09 kWh
2026-03-12 14:20:00,-902 Wh,0 Wh,-3.93 kWh,-654 Wh,-9.16 kWh,9.12 kWh
2026-03-12 14:30:00,-903 Wh,0 Wh,-3.93 kWh,-655 Wh,-9.29 kWh,9.14 kWh
2026-03-12 14:40:00,-904 Wh,0 Wh,-3.94 kWh,-655 Wh,-9.43 kWh,9.17 kWh
2026-03-12 14:50:00,-906 Wh,0 Wh,-3.95 kWh,-656 Wh,-9.56 kWh,9.19 kWh
2026-03-12 15:00:00,-907 Wh,0 Wh,-3.95 kWh,-657 Wh,-9.68 kWh,9.22 kWh
2026-03-12 15:10:00,-908 Wh,0 Wh,-3.96 kWh,-658 Wh,-9.76 kWh,9.25 kWh
2026-03-12 15:20:00,-909 Wh,0 Wh,-3.96 kWh,-659 Wh,-9.81 kWh,9.27 kWh
2026-03-12 15:30:00,-909 Wh,0 Wh,-3.97 kWh,-660 Wh,-9.82 kWh,9.29 kWh
2026-03-12 15:40:00,-910 Wh,0 Wh,-3.98 kWh,-661 Wh,-9.83 kWh,9.32 kWh
2026-03-12 15:50:00,-911 Wh,0 Wh,-3.98 kWh,-662 Wh,-9.83 kWh,9.34 kWh
2026-03-12 16:00:00,-911 Wh,0 Wh,-3.99 kWh,-662 Wh,-9.83 kWh,9.36 kWh
2026-03-12 16:10:00,-912 Wh,0 Wh,-3.99 kWh,-663 Wh,-9.83 kWh,9.36 kWh
2026-03-12 16:20:00,-913 Wh,0 Wh,-4.00 kWh,-664 Wh,-9.83 kWh,9.37 kWh
2026-03-12 16:30:00,-913 Wh,0 Wh,-4.01 kWh,-665 Wh,-9.83 kWh,9.37 kWh
2026-03-12 16:40:00,-913 Wh,0 Wh,-4.01 kWh,-665 Wh,-9.83 kWh,9.37 kWh
2026-03-12 16:50:00,-913 Wh,0 Wh,-4.01 kWh,-665 Wh,-9.83 kWh,9.37 kWh
2026-03-12 17:00:00,-913 Wh,0 Wh,-4.01 kWh,-665 Wh,-9.83 kWh,9.37 kWh